===============================
472692.pbshpc
cice001.hpc.iitd.ac.in
===============================
conda env activating
Using cpu device
------------------------------------
| time/                 |          |
|    fps                | 99       |
|    iterations         | 100      |
|    time_elapsed       | 5        |
|    total_timesteps    | 500      |
| train/                |          |
|    entropy_loss       | -119     |
|    explained_variance | -0.0553  |
|    learning_rate      | 0.0003   |
|    n_updates          | 99       |
|    policy_loss        | 456      |
|    std                | 0.999    |
|    value_loss         | 20.1     |
------------------------------------
-------------------------------------
| time/                 |           |
|    fps                | 103       |
|    iterations         | 200       |
|    time_elapsed       | 9         |
|    total_timesteps    | 1000      |
| train/                |           |
|    entropy_loss       | -119      |
|    explained_variance | -0.000463 |
|    learning_rate      | 0.0003    |
|    n_updates          | 199       |
|    policy_loss        | 433       |
|    std                | 0.999     |
|    value_loss         | 18.7      |
-------------------------------------
------------------------------------
| time/                 |          |
|    fps                | 105      |
|    iterations         | 300      |
|    time_elapsed       | 14       |
|    total_timesteps    | 1500     |
| train/                |          |
|    entropy_loss       | -119     |
|    explained_variance | 0        |
|    learning_rate      | 0.0003   |
|    n_updates          | 299      |
|    policy_loss        | -833     |
|    std                | 0.999    |
|    value_loss         | 75.1     |
------------------------------------
------------------------------------
| time/                 |          |
|    fps                | 106      |
|    iterations         | 400      |
|    time_elapsed       | 18       |
|    total_timesteps    | 2000     |
| train/                |          |
|    entropy_loss       | -119     |
|    explained_variance | -0.119   |
|    learning_rate      | 0.0003   |
|    n_updates          | 399      |
|    policy_loss        | 134      |
|    std                | 0.999    |
|    value_loss         | 2.57     |
------------------------------------
-------------------------------------
| time/                 |           |
|    fps                | 106       |
|    iterations         | 500       |
|    time_elapsed       | 23        |
|    total_timesteps    | 2500      |
| train/                |           |
|    entropy_loss       | -119      |
|    explained_variance | -1.19e-07 |
|    learning_rate      | 0.0003    |
|    n_updates          | 499       |
|    policy_loss        | -194      |
|    std                | 1         |
|    value_loss         | 2.83      |
-------------------------------------
-------------------------------------
| time/                 |           |
|    fps                | 107       |
|    iterations         | 600       |
|    time_elapsed       | 28        |
|    total_timesteps    | 3000      |
| train/                |           |
|    entropy_loss       | -119      |
|    explained_variance | -1.19e-07 |
|    learning_rate      | 0.0003    |
|    n_updates          | 599       |
|    policy_loss        | -621      |
|    std                | 1         |
|    value_loss         | 104       |
-------------------------------------
------------------------------------
| time/                 |          |
|    fps                | 107      |
|    iterations         | 700      |
|    time_elapsed       | 32       |
|    total_timesteps    | 3500     |
| train/                |          |
|    entropy_loss       | -119     |
|    explained_variance | -0.133   |
|    learning_rate      | 0.0003   |
|    n_updates          | 699      |
|    policy_loss        | 235      |
|    std                | 1        |
|    value_loss         | 4.21     |
------------------------------------
------------------------------------
| time/                 |          |
|    fps                | 107      |
|    iterations         | 800      |
|    time_elapsed       | 37       |
|    total_timesteps    | 4000     |
| train/                |          |
|    entropy_loss       | -119     |
|    explained_variance | 0        |
|    learning_rate      | 0.0003   |
|    n_updates          | 799      |
|    policy_loss        | 151      |
|    std                | 1        |
|    value_loss         | 2.71     |
------------------------------------
-------------------------------------
| time/                 |           |
|    fps                | 107       |
|    iterations         | 900       |
|    time_elapsed       | 41        |
|    total_timesteps    | 4500      |
| train/                |           |
|    entropy_loss       | -119      |
|    explained_variance | -1.19e-07 |
|    learning_rate      | 0.0003    |
|    n_updates          | 899       |
|    policy_loss        | -475      |
|    std                | 0.999     |
|    value_loss         | 24.7      |
-------------------------------------
------------------------------------
| time/                 |          |
|    fps                | 107      |
|    iterations         | 1000     |
|    time_elapsed       | 46       |
|    total_timesteps    | 5000     |
| train/                |          |
|    entropy_loss       | -119     |
|    explained_variance | 0.205    |
|    learning_rate      | 0.0003   |
|    n_updates          | 999      |
|    policy_loss        | 134      |
|    std                | 1        |
|    value_loss         | 1.34     |
------------------------------------
------------------------------------
| time/                 |          |
|    fps                | 107      |
|    iterations         | 1100     |
|    time_elapsed       | 50       |
|    total_timesteps    | 5500     |
| train/                |          |
|    entropy_loss       | -119     |
|    explained_variance | -0.0657  |
|    learning_rate      | 0.0003   |
|    n_updates          | 1099     |
|    policy_loss        | -160     |
|    std                | 0.999    |
|    value_loss         | 3.45     |
------------------------------------
------------------------------------
| time/                 |          |
|    fps                | 107      |
|    iterations         | 1200     |
|    time_elapsed       | 55       |
|    total_timesteps    | 6000     |
| train/                |          |
|    entropy_loss       | -119     |
|    explained_variance | 0.00075  |
|    learning_rate      | 0.0003   |
|    n_updates          | 1199     |
|    policy_loss        | 290      |
|    std                | 1        |
|    value_loss         | 29.3     |
------------------------------------
------------------------------------
| time/                 |          |
|    fps                | 107      |
|    iterations         | 1300     |
|    time_elapsed       | 60       |
|    total_timesteps    | 6500     |
| train/                |          |
|    entropy_loss       | -119     |
|    explained_variance | 0.121    |
|    learning_rate      | 0.0003   |
|    n_updates          | 1299     |
|    policy_loss        | 364      |
|    std                | 1        |
|    value_loss         | 12.4     |
------------------------------------
------------------------------------
| time/                 |          |
|    fps                | 107      |
|    iterations         | 1400     |
|    time_elapsed       | 65       |
|    total_timesteps    | 7000     |
| train/                |          |
|    entropy_loss       | -119     |
|    explained_variance | 0.0287   |
|    learning_rate      | 0.0003   |
|    n_updates          | 1399     |
|    policy_loss        | 46.2     |
|    std                | 1        |
|    value_loss         | 0.934    |
------------------------------------
------------------------------------
| time/                 |          |
|    fps                | 107      |
|    iterations         | 1500     |
|    time_elapsed       | 69       |
|    total_timesteps    | 7500     |
| train/                |          |
|    entropy_loss       | -119     |
|    explained_variance | 0        |
|    learning_rate      | 0.0003   |
|    n_updates          | 1499     |
|    policy_loss        | 509      |
|    std                | 1        |
|    value_loss         | 27.1     |
------------------------------------
------------------------------------
| time/                 |          |
|    fps                | 107      |
|    iterations         | 1600     |
|    time_elapsed       | 74       |
|    total_timesteps    | 8000     |
| train/                |          |
|    entropy_loss       | -119     |
|    explained_variance | -0.0651  |
|    learning_rate      | 0.0003   |
|    n_updates          | 1599     |
|    policy_loss        | -241     |
|    std                | 1        |
|    value_loss         | 9.2      |
------------------------------------
------------------------------------
| time/                 |          |
|    fps                | 107      |
|    iterations         | 1700     |
|    time_elapsed       | 78       |
|    total_timesteps    | 8500     |
| train/                |          |
|    entropy_loss       | -119     |
|    explained_variance | -0.161   |
|    learning_rate      | 0.0003   |
|    n_updates          | 1699     |
|    policy_loss        | 110      |
|    std                | 0.999    |
|    value_loss         | 1.41     |
------------------------------------
------------------------------------
| time/                 |          |
|    fps                | 107      |
|    iterations         | 1800     |
|    time_elapsed       | 83       |
|    total_timesteps    | 9000     |
| train/                |          |
|    entropy_loss       | -119     |
|    explained_variance | 0        |
|    learning_rate      | 0.0003   |
|    n_updates          | 1799     |
|    policy_loss        | -810     |
|    std                | 0.999    |
|    value_loss         | 49.9     |
------------------------------------
------------------------------------
| time/                 |          |
|    fps                | 107      |
|    iterations         | 1900     |
|    time_elapsed       | 88       |
|    total_timesteps    | 9500     |
| train/                |          |
|    entropy_loss       | -119     |
|    explained_variance | 0        |
|    learning_rate      | 0.0003   |
|    n_updates          | 1899     |
|    policy_loss        | -154     |
|    std                | 0.999    |
|    value_loss         | 2.52     |
------------------------------------
------------------------------------
| time/                 |          |
|    fps                | 108      |
|    iterations         | 2000     |
|    time_elapsed       | 92       |
|    total_timesteps    | 10000    |
| train/                |          |
|    entropy_loss       | -119     |
|    explained_variance | -0.0721  |
|    learning_rate      | 0.0003   |
|    n_updates          | 1999     |
|    policy_loss        | 282      |
|    std                | 0.999    |
|    value_loss         | 6.55     |
------------------------------------
------------------------------------
| time/                 |          |
|    fps                | 108      |
|    iterations         | 2100     |
|    time_elapsed       | 97       |
|    total_timesteps    | 10500    |
| train/                |          |
|    entropy_loss       | -119     |
|    explained_variance | 0.0392   |
|    learning_rate      | 0.0003   |
|    n_updates          | 2099     |
|    policy_loss        | 23.1     |
|    std                | 0.999    |
|    value_loss         | 2.41     |
------------------------------------
------------------------------------
| time/                 |          |
|    fps                | 108      |
|    iterations         | 2200     |
|    time_elapsed       | 101      |
|    total_timesteps    | 11000    |
| train/                |          |
|    entropy_loss       | -119     |
|    explained_variance | -0.664   |
|    learning_rate      | 0.0003   |
|    n_updates          | 2199     |
|    policy_loss        | -25.5    |
|    std                | 0.999    |
|    value_loss         | 0.482    |
------------------------------------
------------------------------------
| time/                 |          |
|    fps                | 108      |
|    iterations         | 2300     |
|    time_elapsed       | 106      |
|    total_timesteps    | 11500    |
| train/                |          |
|    entropy_loss       | -119     |
|    explained_variance | 0.0412   |
|    learning_rate      | 0.0003   |
|    n_updates          | 2299     |
|    policy_loss        | -483     |
|    std                | 0.999    |
|    value_loss         | 24.8     |
------------------------------------
------------------------------------
| time/                 |          |
|    fps                | 108      |
|    iterations         | 2400     |
|    time_elapsed       | 110      |
|    total_timesteps    | 12000    |
| train/                |          |
|    entropy_loss       | -119     |
|    explained_variance | -0.0213  |
|    learning_rate      | 0.0003   |
|    n_updates          | 2399     |
|    policy_loss        | 179      |
|    std                | 0.999    |
|    value_loss         | 3.38     |
------------------------------------
------------------------------------
| time/                 |          |
|    fps                | 108      |
|    iterations         | 2500     |
|    time_elapsed       | 115      |
|    total_timesteps    | 12500    |
| train/                |          |
|    entropy_loss       | -119     |
|    explained_variance | 0.0629   |
|    learning_rate      | 0.0003   |
|    n_updates          | 2499     |
|    policy_loss        | -51.4    |
|    std                | 0.999    |
|    value_loss         | 0.279    |
------------------------------------
------------------------------------
| time/                 |          |
|    fps                | 108      |
|    iterations         | 2600     |
|    time_elapsed       | 120      |
|    total_timesteps    | 13000    |
| train/                |          |
|    entropy_loss       | -119     |
|    explained_variance | 1.19e-07 |
|    learning_rate      | 0.0003   |
|    n_updates          | 2599     |
|    policy_loss        | -45.8    |
|    std                | 0.999    |
|    value_loss         | 0.219    |
------------------------------------
------------------------------------
| time/                 |          |
|    fps                | 108      |
|    iterations         | 2700     |
|    time_elapsed       | 124      |
|    total_timesteps    | 13500    |
| train/                |          |
|    entropy_loss       | -119     |
|    explained_variance | 0        |
|    learning_rate      | 0.0003   |
|    n_updates          | 2699     |
|    policy_loss        | 641      |
|    std                | 0.999    |
|    value_loss         | 41.7     |
------------------------------------
day: 1508, episode: 10
begin_total_asset: 1000000.00
end_total_asset: 2510123.24
total_reward: 1510123.24
total_cost: 175758.90
total_trades: 89580
Sharpe: 1.138
=================================
------------------------------------
| time/                 |          |
|    fps                | 108      |
|    iterations         | 2800     |
|    time_elapsed       | 129      |
|    total_timesteps    | 14000    |
| train/                |          |
|    entropy_loss       | -119     |
|    explained_variance | 0.205    |
|    learning_rate      | 0.0003   |
|    n_updates          | 2799     |
|    policy_loss        | 183      |
|    std                | 0.999    |
|    value_loss         | 3.44     |
------------------------------------
------------------------------------
| time/                 |          |
|    fps                | 108      |
|    iterations         | 2900     |
|    time_elapsed       | 133      |
|    total_timesteps    | 14500    |
| train/                |          |
|    entropy_loss       | -119     |
|    explained_variance | 0        |
|    learning_rate      | 0.0003   |
|    n_updates          | 2899     |
|    policy_loss        | 425      |
|    std                | 0.999    |
|    value_loss         | 12.8     |
------------------------------------
------------------------------------
| time/                 |          |
|    fps                | 108      |
|    iterations         | 3000     |
|    time_elapsed       | 138      |
|    total_timesteps    | 15000    |
| train/                |          |
|    entropy_loss       | -119     |
|    explained_variance | 1.19e-07 |
|    learning_rate      | 0.0003   |
|    n_updates          | 2999     |
|    policy_loss        | 42.3     |
|    std                | 0.999    |
|    value_loss         | 0.759    |
------------------------------------
------------------------------------
| time/                 |          |
|    fps                | 108      |
|    iterations         | 3100     |
|    time_elapsed       | 142      |
|    total_timesteps    | 15500    |
| train/                |          |
|    entropy_loss       | -119     |
|    explained_variance | 1.79e-07 |
|    learning_rate      | 0.0003   |
|    n_updates          | 3099     |
|    policy_loss        | 52.5     |
|    std                | 0.999    |
|    value_loss         | 0.658    |
------------------------------------
------------------------------------
| time/                 |          |
|    fps                | 108      |
|    iterations         | 3200     |
|    time_elapsed       | 147      |
|    total_timesteps    | 16000    |
| train/                |          |
|    entropy_loss       | -119     |
|    explained_variance | 1.19e-07 |
|    learning_rate      | 0.0003   |
|    n_updates          | 3199     |
|    policy_loss        | 138      |
|    std                | 0.999    |
|    value_loss         | 2.62     |
------------------------------------
------------------------------------
| time/                 |          |
|    fps                | 108      |
|    iterations         | 3300     |
|    time_elapsed       | 151      |
|    total_timesteps    | 16500    |
| train/                |          |
|    entropy_loss       | -119     |
|    explained_variance | 0        |
|    learning_rate      | 0.0003   |
|    n_updates          | 3299     |
|    policy_loss        | -258     |
|    std                | 0.999    |
|    value_loss         | 13.2     |
------------------------------------
------------------------------------
| time/                 |          |
|    fps                | 108      |
|    iterations         | 3400     |
|    time_elapsed       | 156      |
|    total_timesteps    | 17000    |
| train/                |          |
|    entropy_loss       | -119     |
|    explained_variance | 0        |
|    learning_rate      | 0.0003   |
|    n_updates          | 3399     |
|    policy_loss        | -159     |
|    std                | 0.999    |
|    value_loss         | 2.81     |
------------------------------------
------------------------------------
| time/                 |          |
|    fps                | 108      |
|    iterations         | 3500     |
|    time_elapsed       | 161      |
|    total_timesteps    | 17500    |
| train/                |          |
|    entropy_loss       | -119     |
|    explained_variance | 0        |
|    learning_rate      | 0.0003   |
|    n_updates          | 3499     |
|    policy_loss        | 316      |
|    std                | 0.999    |
|    value_loss         | 10.4     |
------------------------------------
-------------------------------------
| time/                 |           |
|    fps                | 108       |
|    iterations         | 3600      |
|    time_elapsed       | 165       |
|    total_timesteps    | 18000     |
| train/                |           |
|    entropy_loss       | -119      |
|    explained_variance | -1.19e-07 |
|    learning_rate      | 0.0003    |
|    n_updates          | 3599      |
|    policy_loss        | -9.84     |
|    std                | 0.998     |
|    value_loss         | 0.138     |
-------------------------------------
------------------------------------
| time/                 |          |
|    fps                | 108      |
|    iterations         | 3700     |
|    time_elapsed       | 170      |
|    total_timesteps    | 18500    |
| train/                |          |
|    entropy_loss       | -119     |
|    explained_variance | 1.19e-07 |
|    learning_rate      | 0.0003   |
|    n_updates          | 3699     |
|    policy_loss        | -244     |
|    std                | 0.999    |
|    value_loss         | 4.5      |
------------------------------------
------------------------------------
| time/                 |          |
|    fps                | 108      |
|    iterations         | 3800     |
|    time_elapsed       | 174      |
|    total_timesteps    | 19000    |
| train/                |          |
|    entropy_loss       | -119     |
|    explained_variance | 0.0258   |
|    learning_rate      | 0.0003   |
|    n_updates          | 3799     |
|    policy_loss        | 168      |
|    std                | 0.999    |
|    value_loss         | 4.5      |
------------------------------------
------------------------------------
| time/                 |          |
|    fps                | 108      |
|    iterations         | 3900     |
|    time_elapsed       | 179      |
|    total_timesteps    | 19500    |
| train/                |          |
|    entropy_loss       | -119     |
|    explained_variance | 0        |
|    learning_rate      | 0.0003   |
|    n_updates          | 3899     |
|    policy_loss        | 589      |
|    std                | 0.999    |
|    value_loss         | 28.4     |
------------------------------------
------------------------------------
| time/                 |          |
|    fps                | 108      |
|    iterations         | 4000     |
|    time_elapsed       | 183      |
|    total_timesteps    | 20000    |
| train/                |          |
|    entropy_loss       | -119     |
|    explained_variance | -0.00755 |
|    learning_rate      | 0.0003   |
|    n_updates          | 3999     |
|    policy_loss        | 256      |
|    std                | 1        |
|    value_loss         | 6.43     |
------------------------------------
------------------------------------
| time/                 |          |
|    fps                | 108      |
|    iterations         | 4100     |
|    time_elapsed       | 188      |
|    total_timesteps    | 20500    |
| train/                |          |
|    entropy_loss       | -119     |
|    explained_variance | -0.00378 |
|    learning_rate      | 0.0003   |
|    n_updates          | 4099     |
|    policy_loss        | -174     |
|    std                | 0.999    |
|    value_loss         | 7.48     |
------------------------------------
------------------------------------
| time/                 |          |
|    fps                | 108      |
|    iterations         | 4200     |
|    time_elapsed       | 192      |
|    total_timesteps    | 21000    |
| train/                |          |
|    entropy_loss       | -119     |
|    explained_variance | 0        |
|    learning_rate      | 0.0003   |
|    n_updates          | 4199     |
|    policy_loss        | -176     |
|    std                | 0.999    |
|    value_loss         | 2.84     |
------------------------------------
------------------------------------
| time/                 |          |
|    fps                | 108      |
|    iterations         | 4300     |
|    time_elapsed       | 197      |
|    total_timesteps    | 21500    |
| train/                |          |
|    entropy_loss       | -119     |
|    explained_variance | 0        |
|    learning_rate      | 0.0003   |
|    n_updates          | 4299     |
|    policy_loss        | 87.2     |
|    std                | 0.999    |
|    value_loss         | 0.628    |
------------------------------------
------------------------------------
| time/                 |          |
|    fps                | 108      |
|    iterations         | 4400     |
|    time_elapsed       | 202      |
|    total_timesteps    | 22000    |
| train/                |          |
|    entropy_loss       | -119     |
|    explained_variance | 0        |
|    learning_rate      | 0.0003   |
|    n_updates          | 4399     |
|    policy_loss        | -232     |
|    std                | 0.999    |
|    value_loss         | 5.73     |
------------------------------------
------------------------------------
| time/                 |          |
|    fps                | 108      |
|    iterations         | 4500     |
|    time_elapsed       | 206      |
|    total_timesteps    | 22500    |
| train/                |          |
|    entropy_loss       | -119     |
|    explained_variance | 0        |
|    learning_rate      | 0.0003   |
|    n_updates          | 4499     |
|    policy_loss        | 428      |
|    std                | 0.999    |
|    value_loss         | 17.3     |
------------------------------------
------------------------------------
| time/                 |          |
|    fps                | 108      |
|    iterations         | 4600     |
|    time_elapsed       | 211      |
|    total_timesteps    | 23000    |
| train/                |          |
|    entropy_loss       | -119     |
|    explained_variance | 0        |
|    learning_rate      | 0.0003   |
|    n_updates          | 4599     |
|    policy_loss        | -9.93    |
|    std                | 0.999    |
|    value_loss         | 0.567    |
------------------------------------
------------------------------------
| time/                 |          |
|    fps                | 108      |
|    iterations         | 4700     |
|    time_elapsed       | 215      |
|    total_timesteps    | 23500    |
| train/                |          |
|    entropy_loss       | -119     |
|    explained_variance | 5.96e-08 |
|    learning_rate      | 0.0003   |
|    n_updates          | 4699     |
|    policy_loss        | 10.3     |
|    std                | 0.999    |
|    value_loss         | 0.105    |
------------------------------------
------------------------------------
| time/                 |          |
|    fps                | 108      |
|    iterations         | 4800     |
|    time_elapsed       | 220      |
|    total_timesteps    | 24000    |
| train/                |          |
|    entropy_loss       | -119     |
|    explained_variance | 0        |
|    learning_rate      | 0.0003   |
|    n_updates          | 4799     |
|    policy_loss        | -850     |
|    std                | 0.999    |
|    value_loss         | 72       |
------------------------------------
-------------------------------------
| time/                 |           |
|    fps                | 108       |
|    iterations         | 4900      |
|    time_elapsed       | 224       |
|    total_timesteps    | 24500     |
| train/                |           |
|    entropy_loss       | -119      |
|    explained_variance | -1.19e-07 |
|    learning_rate      | 0.0003    |
|    n_updates          | 4899      |
|    policy_loss        | 226       |
|    std                | 0.999     |
|    value_loss         | 3.93      |
-------------------------------------
------------------------------------
| time/                 |          |
|    fps                | 108      |
|    iterations         | 5000     |
|    time_elapsed       | 229      |
|    total_timesteps    | 25000    |
| train/                |          |
|    entropy_loss       | -119     |
|    explained_variance | 5.96e-08 |
|    learning_rate      | 0.0003   |
|    n_updates          | 4999     |
|    policy_loss        | 46.7     |
|    std                | 0.999    |
|    value_loss         | 0.814    |
------------------------------------
------------------------------------
| time/                 |          |
|    fps                | 109      |
|    iterations         | 5100     |
|    time_elapsed       | 233      |
|    total_timesteps    | 25500    |
| train/                |          |
|    entropy_loss       | -119     |
|    explained_variance | 5.96e-08 |
|    learning_rate      | 0.0003   |
|    n_updates          | 5099     |
|    policy_loss        | -242     |
|    std                | 0.999    |
|    value_loss         | 10.2     |
------------------------------------
------------------------------------
| time/                 |          |
|    fps                | 109      |
|    iterations         | 5200     |
|    time_elapsed       | 238      |
|    total_timesteps    | 26000    |
| train/                |          |
|    entropy_loss       | -119     |
|    explained_variance | -0.0895  |
|    learning_rate      | 0.0003   |
|    n_updates          | 5199     |
|    policy_loss        | 190      |
|    std                | 0.999    |
|    value_loss         | 3.51     |
------------------------------------
-------------------------------------
| time/                 |           |
|    fps                | 109       |
|    iterations         | 5300      |
|    time_elapsed       | 243       |
|    total_timesteps    | 26500     |
| train/                |           |
|    entropy_loss       | -119      |
|    explained_variance | -1.19e-07 |
|    learning_rate      | 0.0003    |
|    n_updates          | 5299      |
|    policy_loss        | -354      |
|    std                | 0.999     |
|    value_loss         | 14.9      |
-------------------------------------
------------------------------------
| time/                 |          |
|    fps                | 109      |
|    iterations         | 5400     |
|    time_elapsed       | 247      |
|    total_timesteps    | 27000    |
| train/                |          |
|    entropy_loss       | -119     |
|    explained_variance | 5.96e-08 |
|    learning_rate      | 0.0003   |
|    n_updates          | 5399     |
|    policy_loss        | -538     |
|    std                | 0.999    |
|    value_loss         | 21.9     |
------------------------------------
------------------------------------
| time/                 |          |
|    fps                | 109      |
|    iterations         | 5500     |
|    time_elapsed       | 252      |
|    total_timesteps    | 27500    |
| train/                |          |
|    entropy_loss       | -119     |
|    explained_variance | -0.00333 |
|    learning_rate      | 0.0003   |
|    n_updates          | 5499     |
|    policy_loss        | 253      |
|    std                | 0.999    |
|    value_loss         | 5.01     |
------------------------------------
------------------------------------
| time/                 |          |
|    fps                | 109      |
|    iterations         | 5600     |
|    time_elapsed       | 256      |
|    total_timesteps    | 28000    |
| train/                |          |
|    entropy_loss       | -119     |
|    explained_variance | 0        |
|    learning_rate      | 0.0003   |
|    n_updates          | 5599     |
|    policy_loss        | -279     |
|    std                | 0.999    |
|    value_loss         | 5.72     |
------------------------------------
------------------------------------
| time/                 |          |
|    fps                | 109      |
|    iterations         | 5700     |
|    time_elapsed       | 261      |
|    total_timesteps    | 28500    |
| train/                |          |
|    entropy_loss       | -119     |
|    explained_variance | 0        |
|    learning_rate      | 0.0003   |
|    n_updates          | 5699     |
|    policy_loss        | 526      |
|    std                | 1        |
|    value_loss         | 37.7     |
------------------------------------
day: 1508, episode: 20
begin_total_asset: 1000000.00
end_total_asset: 3277159.44
total_reward: 2277159.44
total_cost: 70688.94
total_trades: 76187
Sharpe: 1.215
=================================
------------------------------------
| time/                 |          |
|    fps                | 109      |
|    iterations         | 5800     |
|    time_elapsed       | 265      |
|    total_timesteps    | 29000    |
| train/                |          |
|    entropy_loss       | -119     |
|    explained_variance | 0        |
|    learning_rate      | 0.0003   |
|    n_updates          | 5799     |
|    policy_loss        | 79.3     |
|    std                | 1        |
|    value_loss         | 13.1     |
------------------------------------
-------------------------------------
| time/                 |           |
|    fps                | 109       |
|    iterations         | 5900      |
|    time_elapsed       | 270       |
|    total_timesteps    | 29500     |
| train/                |           |
|    entropy_loss       | -119      |
|    explained_variance | -1.19e-07 |
|    learning_rate      | 0.0003    |
|    n_updates          | 5899      |
|    policy_loss        | -299      |
|    std                | 1         |
|    value_loss         | 8.67      |
-------------------------------------
------------------------------------
| time/                 |          |
|    fps                | 109      |
|    iterations         | 6000     |
|    time_elapsed       | 274      |
|    total_timesteps    | 30000    |
| train/                |          |
|    entropy_loss       | -119     |
|    explained_variance | 0        |
|    learning_rate      | 0.0003   |
|    n_updates          | 5999     |
|    policy_loss        | -275     |
|    std                | 1        |
|    value_loss         | 18.5     |
------------------------------------
------------------------------------
| time/                 |          |
|    fps                | 109      |
|    iterations         | 6100     |
|    time_elapsed       | 279      |
|    total_timesteps    | 30500    |
| train/                |          |
|    entropy_loss       | -119     |
|    explained_variance | 1.19e-07 |
|    learning_rate      | 0.0003   |
|    n_updates          | 6099     |
|    policy_loss        | -884     |
|    std                | 1        |
|    value_loss         | 66.5     |
------------------------------------
------------------------------------
| time/                 |          |
|    fps                | 109      |
|    iterations         | 6200     |
|    time_elapsed       | 283      |
|    total_timesteps    | 31000    |
| train/                |          |
|    entropy_loss       | -119     |
|    explained_variance | 0        |
|    learning_rate      | 0.0003   |
|    n_updates          | 6199     |
|    policy_loss        | 641      |
|    std                | 1        |
|    value_loss         | 30.3     |
------------------------------------
-------------------------------------
| time/                 |           |
|    fps                | 109       |
|    iterations         | 6300      |
|    time_elapsed       | 288       |
|    total_timesteps    | 31500     |
| train/                |           |
|    entropy_loss       | -119      |
|    explained_variance | 0         |
|    learning_rate      | 0.0003    |
|    n_updates          | 6299      |
|    policy_loss        | -1.09e+03 |
|    std                | 0.999     |
|    value_loss         | 97.6      |
-------------------------------------
------------------------------------
| time/                 |          |
|    fps                | 109      |
|    iterations         | 6400     |
|    time_elapsed       | 293      |
|    total_timesteps    | 32000    |
| train/                |          |
|    entropy_loss       | -119     |
|    explained_variance | 0        |
|    learning_rate      | 0.0003   |
|    n_updates          | 6399     |
|    policy_loss        | -396     |
|    std                | 0.999    |
|    value_loss         | 13.5     |
------------------------------------
------------------------------------
| time/                 |          |
|    fps                | 109      |
|    iterations         | 6500     |
|    time_elapsed       | 297      |
|    total_timesteps    | 32500    |
| train/                |          |
|    entropy_loss       | -119     |
|    explained_variance | 0        |
|    learning_rate      | 0.0003   |
|    n_updates          | 6499     |
|    policy_loss        | -61.7    |
|    std                | 0.999    |
|    value_loss         | 2.1      |
------------------------------------
------------------------------------
| time/                 |          |
|    fps                | 109      |
|    iterations         | 6600     |
|    time_elapsed       | 302      |
|    total_timesteps    | 33000    |
| train/                |          |
|    entropy_loss       | -119     |
|    explained_variance | 0        |
|    learning_rate      | 0.0003   |
|    n_updates          | 6599     |
|    policy_loss        | 628      |
|    std                | 0.998    |
|    value_loss         | 38.3     |
------------------------------------
------------------------------------
| time/                 |          |
|    fps                | 109      |
|    iterations         | 6700     |
|    time_elapsed       | 307      |
|    total_timesteps    | 33500    |
| train/                |          |
|    entropy_loss       | -119     |
|    explained_variance | 0.0783   |
|    learning_rate      | 0.0003   |
|    n_updates          | 6699     |
|    policy_loss        | -174     |
|    std                | 0.998    |
|    value_loss         | 2.83     |
------------------------------------
------------------------------------
| time/                 |          |
|    fps                | 108      |
|    iterations         | 6800     |
|    time_elapsed       | 312      |
|    total_timesteps    | 34000    |
| train/                |          |
|    entropy_loss       | -119     |
|    explained_variance | 0        |
|    learning_rate      | 0.0003   |
|    n_updates          | 6799     |
|    policy_loss        | 1.25e+03 |
|    std                | 0.997    |
|    value_loss         | 167      |
------------------------------------
------------------------------------
| time/                 |          |
|    fps                | 108      |
|    iterations         | 6900     |
|    time_elapsed       | 317      |
|    total_timesteps    | 34500    |
| train/                |          |
|    entropy_loss       | -119     |
|    explained_variance | 0        |
|    learning_rate      | 0.0003   |
|    n_updates          | 6899     |
|    policy_loss        | 326      |
|    std                | 0.998    |
|    value_loss         | 12.3     |
------------------------------------
------------------------------------
| time/                 |          |
|    fps                | 108      |
|    iterations         | 7000     |
|    time_elapsed       | 321      |
|    total_timesteps    | 35000    |
| train/                |          |
|    entropy_loss       | -119     |
|    explained_variance | 0        |
|    learning_rate      | 0.0003   |
|    n_updates          | 6999     |
|    policy_loss        | -47.7    |
|    std                | 0.998    |
|    value_loss         | 0.555    |
------------------------------------
------------------------------------
| time/                 |          |
|    fps                | 108      |
|    iterations         | 7100     |
|    time_elapsed       | 326      |
|    total_timesteps    | 35500    |
| train/                |          |
|    entropy_loss       | -119     |
|    explained_variance | 0        |
|    learning_rate      | 0.0003   |
|    n_updates          | 7099     |
|    policy_loss        | 943      |
|    std                | 0.998    |
|    value_loss         | 68.5     |
------------------------------------
------------------------------------
| time/                 |          |
|    fps                | 108      |
|    iterations         | 7200     |
|    time_elapsed       | 330      |
|    total_timesteps    | 36000    |
| train/                |          |
|    entropy_loss       | -119     |
|    explained_variance | 0.00261  |
|    learning_rate      | 0.0003   |
|    n_updates          | 7199     |
|    policy_loss        | 347      |
|    std                | 0.998    |
|    value_loss         | 36.6     |
------------------------------------
------------------------------------
| time/                 |          |
|    fps                | 108      |
|    iterations         | 7300     |
|    time_elapsed       | 335      |
|    total_timesteps    | 36500    |
| train/                |          |
|    entropy_loss       | -119     |
|    explained_variance | 0        |
|    learning_rate      | 0.0003   |
|    n_updates          | 7299     |
|    policy_loss        | 633      |
|    std                | 0.997    |
|    value_loss         | 33.3     |
------------------------------------
-------------------------------------
| time/                 |           |
|    fps                | 108       |
|    iterations         | 7400      |
|    time_elapsed       | 340       |
|    total_timesteps    | 37000     |
| train/                |           |
|    entropy_loss       | -119      |
|    explained_variance | -0.00639  |
|    learning_rate      | 0.0003    |
|    n_updates          | 7399      |
|    policy_loss        | -1.79e+03 |
|    std                | 0.997     |
|    value_loss         | 215       |
-------------------------------------
------------------------------------
| time/                 |          |
|    fps                | 108      |
|    iterations         | 7500     |
|    time_elapsed       | 345      |
|    total_timesteps    | 37500    |
| train/                |          |
|    entropy_loss       | -119     |
|    explained_variance | 0        |
|    learning_rate      | 0.0003   |
|    n_updates          | 7499     |
|    policy_loss        | 456      |
|    std                | 0.998    |
|    value_loss         | 23.5     |
------------------------------------
------------------------------------
| time/                 |          |
|    fps                | 108      |
|    iterations         | 7600     |
|    time_elapsed       | 350      |
|    total_timesteps    | 38000    |
| train/                |          |
|    entropy_loss       | -119     |
|    explained_variance | 0.0109   |
|    learning_rate      | 0.0003   |
|    n_updates          | 7599     |
|    policy_loss        | -491     |
|    std                | 0.998    |
|    value_loss         | 24.7     |
------------------------------------
------------------------------------
| time/                 |          |
|    fps                | 108      |
|    iterations         | 7700     |
|    time_elapsed       | 354      |
|    total_timesteps    | 38500    |
| train/                |          |
|    entropy_loss       | -119     |
|    explained_variance | -0.0198  |
|    learning_rate      | 0.0003   |
|    n_updates          | 7699     |
|    policy_loss        | -126     |
|    std                | 0.997    |
|    value_loss         | 4.14     |
------------------------------------
------------------------------------
| time/                 |          |
|    fps                | 108      |
|    iterations         | 7800     |
|    time_elapsed       | 360      |
|    total_timesteps    | 39000    |
| train/                |          |
|    entropy_loss       | -119     |
|    explained_variance | 0        |
|    learning_rate      | 0.0003   |
|    n_updates          | 7799     |
|    policy_loss        | 15.8     |
|    std                | 0.997    |
|    value_loss         | 6.68     |
------------------------------------
------------------------------------
| time/                 |          |
|    fps                | 108      |
|    iterations         | 7900     |
|    time_elapsed       | 365      |
|    total_timesteps    | 39500    |
| train/                |          |
|    entropy_loss       | -119     |
|    explained_variance | 0.0497   |
|    learning_rate      | 0.0003   |
|    n_updates          | 7899     |
|    policy_loss        | 140      |
|    std                | 0.997    |
|    value_loss         | 3.28     |
------------------------------------
------------------------------------
| time/                 |          |
|    fps                | 108      |
|    iterations         | 8000     |
|    time_elapsed       | 370      |
|    total_timesteps    | 40000    |
| train/                |          |
|    entropy_loss       | -119     |
|    explained_variance | 0.0203   |
|    learning_rate      | 0.0003   |
|    n_updates          | 7999     |
|    policy_loss        | -825     |
|    std                | 0.997    |
|    value_loss         | 69.1     |
------------------------------------
------------------------------------
| time/                 |          |
|    fps                | 108      |
|    iterations         | 8100     |
|    time_elapsed       | 374      |
|    total_timesteps    | 40500    |
| train/                |          |
|    entropy_loss       | -119     |
|    explained_variance | 0        |
|    learning_rate      | 0.0003   |
|    n_updates          | 8099     |
|    policy_loss        | 1.09e+03 |
|    std                | 0.997    |
|    value_loss         | 85.2     |
------------------------------------
------------------------------------
| time/                 |          |
|    fps                | 108      |
|    iterations         | 8200     |
|    time_elapsed       | 379      |
|    total_timesteps    | 41000    |
| train/                |          |
|    entropy_loss       | -119     |
|    explained_variance | 0        |
|    learning_rate      | 0.0003   |
|    n_updates          | 8199     |
|    policy_loss        | -158     |
|    std                | 0.997    |
|    value_loss         | 1.91     |
------------------------------------
-------------------------------------
| time/                 |           |
|    fps                | 107       |
|    iterations         | 8300      |
|    time_elapsed       | 384       |
|    total_timesteps    | 41500     |
| train/                |           |
|    entropy_loss       | -119      |
|    explained_variance | -1.19e-07 |
|    learning_rate      | 0.0003    |
|    n_updates          | 8299      |
|    policy_loss        | 59.4      |
|    std                | 0.997     |
|    value_loss         | 1.3       |
-------------------------------------
------------------------------------
| time/                 |          |
|    fps                | 107      |
|    iterations         | 8400     |
|    time_elapsed       | 388      |
|    total_timesteps    | 42000    |
| train/                |          |
|    entropy_loss       | -119     |
|    explained_variance | 5.96e-08 |
|    learning_rate      | 0.0003   |
|    n_updates          | 8399     |
|    policy_loss        | 41.3     |
|    std                | 0.997    |
|    value_loss         | 3.11     |
------------------------------------
------------------------------------
| time/                 |          |
|    fps                | 107      |
|    iterations         | 8500     |
|    time_elapsed       | 393      |
|    total_timesteps    | 42500    |
| train/                |          |
|    entropy_loss       | -119     |
|    explained_variance | 1.19e-07 |
|    learning_rate      | 0.0003   |
|    n_updates          | 8499     |
|    policy_loss        | 176      |
|    std                | 0.998    |
|    value_loss         | 2.3      |
------------------------------------
------------------------------------
| time/                 |          |
|    fps                | 107      |
|    iterations         | 8600     |
|    time_elapsed       | 398      |
|    total_timesteps    | 43000    |
| train/                |          |
|    entropy_loss       | -119     |
|    explained_variance | 0        |
|    learning_rate      | 0.0003   |
|    n_updates          | 8599     |
|    policy_loss        | -621     |
|    std                | 0.998    |
|    value_loss         | 34.9     |
------------------------------------
------------------------------------
| time/                 |          |
|    fps                | 107      |
|    iterations         | 8700     |
|    time_elapsed       | 403      |
|    total_timesteps    | 43500    |
| train/                |          |
|    entropy_loss       | -119     |
|    explained_variance | 7.75e-07 |
|    learning_rate      | 0.0003   |
|    n_updates          | 8699     |
|    policy_loss        | 686      |
|    std                | 0.998    |
|    value_loss         | 49.7     |
------------------------------------
day: 1508, episode: 30
begin_total_asset: 1000000.00
end_total_asset: 3457226.06
total_reward: 2457226.06
total_cost: 52386.31
total_trades: 75955
Sharpe: 0.993
=================================
------------------------------------
| time/                 |          |
|    fps                | 107      |
|    iterations         | 8800     |
|    time_elapsed       | 407      |
|    total_timesteps    | 44000    |
| train/                |          |
|    entropy_loss       | -119     |
|    explained_variance | 1.19e-07 |
|    learning_rate      | 0.0003   |
|    n_updates          | 8799     |
|    policy_loss        | -250     |
|    std                | 0.998    |
|    value_loss         | 6.19     |
------------------------------------
------------------------------------
| time/                 |          |
|    fps                | 107      |
|    iterations         | 8900     |
|    time_elapsed       | 412      |
|    total_timesteps    | 44500    |
| train/                |          |
|    entropy_loss       | -119     |
|    explained_variance | 0        |
|    learning_rate      | 0.0003   |
|    n_updates          | 8899     |
|    policy_loss        | -188     |
|    std                | 0.998    |
|    value_loss         | 3.23     |
------------------------------------
------------------------------------
| time/                 |          |
|    fps                | 107      |
|    iterations         | 9000     |
|    time_elapsed       | 417      |
|    total_timesteps    | 45000    |
| train/                |          |
|    entropy_loss       | -119     |
|    explained_variance | 0        |
|    learning_rate      | 0.0003   |
|    n_updates          | 8999     |
|    policy_loss        | 387      |
|    std                | 0.998    |
|    value_loss         | 19       |
------------------------------------
------------------------------------
| time/                 |          |
|    fps                | 107      |
|    iterations         | 9100     |
|    time_elapsed       | 422      |
|    total_timesteps    | 45500    |
| train/                |          |
|    entropy_loss       | -119     |
|    explained_variance | 7.75e-07 |
|    learning_rate      | 0.0003   |
|    n_updates          | 9099     |
|    policy_loss        | -31.4    |
|    std                | 0.998    |
|    value_loss         | 1.69     |
------------------------------------
------------------------------------
| time/                 |          |
|    fps                | 107      |
|    iterations         | 9200     |
|    time_elapsed       | 427      |
|    total_timesteps    | 46000    |
| train/                |          |
|    entropy_loss       | -119     |
|    explained_variance | 3.34e-06 |
|    learning_rate      | 0.0003   |
|    n_updates          | 9199     |
|    policy_loss        | -60.8    |
|    std                | 0.998    |
|    value_loss         | 5.99     |
------------------------------------
------------------------------------
| time/                 |          |
|    fps                | 107      |
|    iterations         | 9300     |
|    time_elapsed       | 432      |
|    total_timesteps    | 46500    |
| train/                |          |
|    entropy_loss       | -119     |
|    explained_variance | 0        |
|    learning_rate      | 0.0003   |
|    n_updates          | 9299     |
|    policy_loss        | -389     |
|    std                | 0.998    |
|    value_loss         | 19.6     |
------------------------------------
------------------------------------
| time/                 |          |
|    fps                | 107      |
|    iterations         | 9400     |
|    time_elapsed       | 437      |
|    total_timesteps    | 47000    |
| train/                |          |
|    entropy_loss       | -119     |
|    explained_variance | 0.000279 |
|    learning_rate      | 0.0003   |
|    n_updates          | 9399     |
|    policy_loss        | -291     |
|    std                | 0.999    |
|    value_loss         | 7.19     |
------------------------------------
------------------------------------
| time/                 |          |
|    fps                | 107      |
|    iterations         | 9500     |
|    time_elapsed       | 441      |
|    total_timesteps    | 47500    |
| train/                |          |
|    entropy_loss       | -119     |
|    explained_variance | 1.19e-07 |
|    learning_rate      | 0.0003   |
|    n_updates          | 9499     |
|    policy_loss        | 32.1     |
|    std                | 0.998    |
|    value_loss         | 2.29     |
------------------------------------
------------------------------------
| time/                 |          |
|    fps                | 107      |
|    iterations         | 9600     |
|    time_elapsed       | 446      |
|    total_timesteps    | 48000    |
| train/                |          |
|    entropy_loss       | -119     |
|    explained_variance | 0        |
|    learning_rate      | 0.0003   |
|    n_updates          | 9599     |
|    policy_loss        | 168      |
|    std                | 0.998    |
|    value_loss         | 4.99     |
------------------------------------
------------------------------------
| time/                 |          |
|    fps                | 107      |
|    iterations         | 9700     |
|    time_elapsed       | 452      |
|    total_timesteps    | 48500    |
| train/                |          |
|    entropy_loss       | -119     |
|    explained_variance | -0.00564 |
|    learning_rate      | 0.0003   |
|    n_updates          | 9699     |
|    policy_loss        | -245     |
|    std                | 0.997    |
|    value_loss         | 5.14     |
------------------------------------
-------------------------------------
| time/                 |           |
|    fps                | 107       |
|    iterations         | 9800      |
|    time_elapsed       | 456       |
|    total_timesteps    | 49000     |
| train/                |           |
|    entropy_loss       | -119      |
|    explained_variance | -1.19e-07 |
|    learning_rate      | 0.0003    |
|    n_updates          | 9799      |
|    policy_loss        | 307       |
|    std                | 0.997     |
|    value_loss         | 8.05      |
-------------------------------------
------------------------------------
| time/                 |          |
|    fps                | 107      |
|    iterations         | 9900     |
|    time_elapsed       | 462      |
|    total_timesteps    | 49500    |
| train/                |          |
|    entropy_loss       | -119     |
|    explained_variance | 5.96e-08 |
|    learning_rate      | 0.0003   |
|    n_updates          | 9899     |
|    policy_loss        | -192     |
|    std                | 0.998    |
|    value_loss         | 4.24     |
------------------------------------
------------------------------------
| time/                 |          |
|    fps                | 107      |
|    iterations         | 10000    |
|    time_elapsed       | 467      |
|    total_timesteps    | 50000    |
| train/                |          |
|    entropy_loss       | -119     |
|    explained_variance | 0.021    |
|    learning_rate      | 0.0003   |
|    n_updates          | 9999     |
|    policy_loss        | 68.9     |
|    std                | 0.997    |
|    value_loss         | 4.62     |
------------------------------------
-------------------------------------
| time/                 |           |
|    fps                | 106       |
|    iterations         | 10100     |
|    time_elapsed       | 472       |
|    total_timesteps    | 50500     |
| train/                |           |
|    entropy_loss       | -119      |
|    explained_variance | -1.19e-07 |
|    learning_rate      | 0.0003    |
|    n_updates          | 10099     |
|    policy_loss        | 325       |
|    std                | 0.997     |
|    value_loss         | 9.47      |
-------------------------------------
------------------------------------
| time/                 |          |
|    fps                | 106      |
|    iterations         | 10200    |
|    time_elapsed       | 476      |
|    total_timesteps    | 51000    |
| train/                |          |
|    entropy_loss       | -119     |
|    explained_variance | 0        |
|    learning_rate      | 0.0003   |
|    n_updates          | 10199    |
|    policy_loss        | 352      |
|    std                | 0.997    |
|    value_loss         | 16.4     |
------------------------------------
------------------------------------
| time/                 |          |
|    fps                | 106      |
|    iterations         | 10300    |
|    time_elapsed       | 482      |
|    total_timesteps    | 51500    |
| train/                |          |
|    entropy_loss       | -119     |
|    explained_variance | -0.03    |
|    learning_rate      | 0.0003   |
|    n_updates          | 10299    |
|    policy_loss        | 31.1     |
|    std                | 0.997    |
|    value_loss         | 0.6      |
------------------------------------
------------------------------------
| time/                 |          |
|    fps                | 106      |
|    iterations         | 10400    |
|    time_elapsed       | 487      |
|    total_timesteps    | 52000    |
| train/                |          |
|    entropy_loss       | -119     |
|    explained_variance | 0        |
|    learning_rate      | 0.0003   |
|    n_updates          | 10399    |
|    policy_loss        | -460     |
|    std                | 0.996    |
|    value_loss         | 15.5     |
------------------------------------
------------------------------------
| time/                 |          |
|    fps                | 106      |
|    iterations         | 10500    |
|    time_elapsed       | 491      |
|    total_timesteps    | 52500    |
| train/                |          |
|    entropy_loss       | -119     |
|    explained_variance | 1.19e-07 |
|    learning_rate      | 0.0003   |
|    n_updates          | 10499    |
|    policy_loss        | -389     |
|    std                | 0.996    |
|    value_loss         | 12.5     |
------------------------------------
------------------------------------
| time/                 |          |
|    fps                | 106      |
|    iterations         | 10600    |
|    time_elapsed       | 496      |
|    total_timesteps    | 53000    |
| train/                |          |
|    entropy_loss       | -119     |
|    explained_variance | 0.000217 |
|    learning_rate      | 0.0003   |
|    n_updates          | 10599    |
|    policy_loss        | 321      |
|    std                | 0.996    |
|    value_loss         | 8.95     |
------------------------------------
------------------------------------
| time/                 |          |
|    fps                | 106      |
|    iterations         | 10700    |
|    time_elapsed       | 501      |
|    total_timesteps    | 53500    |
| train/                |          |
|    entropy_loss       | -119     |
|    explained_variance | 0        |
|    learning_rate      | 0.0003   |
|    n_updates          | 10699    |
|    policy_loss        | -56.6    |
|    std                | 0.997    |
|    value_loss         | 2.75     |
------------------------------------
------------------------------------
| time/                 |          |
|    fps                | 106      |
|    iterations         | 10800    |
|    time_elapsed       | 505      |
|    total_timesteps    | 54000    |
| train/                |          |
|    entropy_loss       | -119     |
|    explained_variance | 0        |
|    learning_rate      | 0.0003   |
|    n_updates          | 10799    |
|    policy_loss        | -276     |
|    std                | 0.997    |
|    value_loss         | 7.04     |
------------------------------------
------------------------------------
| time/                 |          |
|    fps                | 106      |
|    iterations         | 10900    |
|    time_elapsed       | 510      |
|    total_timesteps    | 54500    |
| train/                |          |
|    entropy_loss       | -119     |
|    explained_variance | 0.00376  |
|    learning_rate      | 0.0003   |
|    n_updates          | 10899    |
|    policy_loss        | 188      |
|    std                | 0.997    |
|    value_loss         | 2.83     |
------------------------------------
-------------------------------------
| time/                 |           |
|    fps                | 106       |
|    iterations         | 11000     |
|    time_elapsed       | 515       |
|    total_timesteps    | 55000     |
| train/                |           |
|    entropy_loss       | -119      |
|    explained_variance | -1.19e-07 |
|    learning_rate      | 0.0003    |
|    n_updates          | 10999     |
|    policy_loss        | -531      |
|    std                | 0.997     |
|    value_loss         | 32        |
-------------------------------------
------------------------------------
| time/                 |          |
|    fps                | 106      |
|    iterations         | 11100    |
|    time_elapsed       | 520      |
|    total_timesteps    | 55500    |
| train/                |          |
|    entropy_loss       | -119     |
|    explained_variance | 0        |
|    learning_rate      | 0.0003   |
|    n_updates          | 11099    |
|    policy_loss        | 19.8     |
|    std                | 0.998    |
|    value_loss         | 5.75     |
------------------------------------
------------------------------------
| time/                 |          |
|    fps                | 106      |
|    iterations         | 11200    |
|    time_elapsed       | 525      |
|    total_timesteps    | 56000    |
| train/                |          |
|    entropy_loss       | -119     |
|    explained_variance | 0.0192   |
|    learning_rate      | 0.0003   |
|    n_updates          | 11199    |
|    policy_loss        | 155      |
|    std                | 0.998    |
|    value_loss         | 1.97     |
------------------------------------
------------------------------------
| time/                 |          |
|    fps                | 106      |
|    iterations         | 11300    |
|    time_elapsed       | 529      |
|    total_timesteps    | 56500    |
| train/                |          |
|    entropy_loss       | -119     |
|    explained_variance | 0        |
|    learning_rate      | 0.0003   |
|    n_updates          | 11299    |
|    policy_loss        | -212     |
|    std                | 0.998    |
|    value_loss         | 5.86     |
------------------------------------
------------------------------------
| time/                 |          |
|    fps                | 106      |
|    iterations         | 11400    |
|    time_elapsed       | 534      |
|    total_timesteps    | 57000    |
| train/                |          |
|    entropy_loss       | -119     |
|    explained_variance | 5.96e-08 |
|    learning_rate      | 0.0003   |
|    n_updates          | 11399    |
|    policy_loss        | 328      |
|    std                | 0.998    |
|    value_loss         | 14.6     |
------------------------------------
------------------------------------
| time/                 |          |
|    fps                | 106      |
|    iterations         | 11500    |
|    time_elapsed       | 539      |
|    total_timesteps    | 57500    |
| train/                |          |
|    entropy_loss       | -119     |
|    explained_variance | 0        |
|    learning_rate      | 0.0003   |
|    n_updates          | 11499    |
|    policy_loss        | -72.3    |
|    std                | 0.998    |
|    value_loss         | 0.64     |
------------------------------------
------------------------------------
| time/                 |          |
|    fps                | 106      |
|    iterations         | 11600    |
|    time_elapsed       | 544      |
|    total_timesteps    | 58000    |
| train/                |          |
|    entropy_loss       | -119     |
|    explained_variance | -0.0284  |
|    learning_rate      | 0.0003   |
|    n_updates          | 11599    |
|    policy_loss        | -396     |
|    std                | 0.998    |
|    value_loss         | 10.9     |
------------------------------------
------------------------------------
| time/                 |          |
|    fps                | 106      |
|    iterations         | 11700    |
|    time_elapsed       | 549      |
|    total_timesteps    | 58500    |
| train/                |          |
|    entropy_loss       | -119     |
|    explained_variance | 0        |
|    learning_rate      | 0.0003   |
|    n_updates          | 11699    |
|    policy_loss        | -156     |
|    std                | 0.997    |
|    value_loss         | 6.44     |
------------------------------------
day: 1508, episode: 40
begin_total_asset: 1000000.00
end_total_asset: 2716111.76
total_reward: 1716111.76
total_cost: 57124.44
total_trades: 74738
Sharpe: 0.726
=================================
------------------------------------
| time/                 |          |
|    fps                | 106      |
|    iterations         | 11800    |
|    time_elapsed       | 554      |
|    total_timesteps    | 59000    |
| train/                |          |
|    entropy_loss       | -119     |
|    explained_variance | -0.37    |
|    learning_rate      | 0.0003   |
|    n_updates          | 11799    |
|    policy_loss        | -18.1    |
|    std                | 0.997    |
|    value_loss         | 0.0715   |
------------------------------------
------------------------------------
| time/                 |          |
|    fps                | 106      |
|    iterations         | 11900    |
|    time_elapsed       | 558      |
|    total_timesteps    | 59500    |
| train/                |          |
|    entropy_loss       | -119     |
|    explained_variance | 0.0708   |
|    learning_rate      | 0.0003   |
|    n_updates          | 11899    |
|    policy_loss        | -313     |
|    std                | 0.998    |
|    value_loss         | 8.84     |
------------------------------------
------------------------------------
| time/                 |          |
|    fps                | 106      |
|    iterations         | 12000    |
|    time_elapsed       | 563      |
|    total_timesteps    | 60000    |
| train/                |          |
|    entropy_loss       | -119     |
|    explained_variance | 0        |
|    learning_rate      | 0.0003   |
|    n_updates          | 11999    |
|    policy_loss        | -151     |
|    std                | 0.998    |
|    value_loss         | 2.41     |
------------------------------------
------------------------------------
| time/                 |          |
|    fps                | 106      |
|    iterations         | 12100    |
|    time_elapsed       | 567      |
|    total_timesteps    | 60500    |
| train/                |          |
|    entropy_loss       | -119     |
|    explained_variance | 0        |
|    learning_rate      | 0.0003   |
|    n_updates          | 12099    |
|    policy_loss        | 99.3     |
|    std                | 0.998    |
|    value_loss         | 1.79     |
------------------------------------
------------------------------------
| time/                 |          |
|    fps                | 106      |
|    iterations         | 12200    |
|    time_elapsed       | 572      |
|    total_timesteps    | 61000    |
| train/                |          |
|    entropy_loss       | -119     |
|    explained_variance | -0.00251 |
|    learning_rate      | 0.0003   |
|    n_updates          | 12199    |
|    policy_loss        | 189      |
|    std                | 0.997    |
|    value_loss         | 4.76     |
------------------------------------
-------------------------------------
| time/                 |           |
|    fps                | 106       |
|    iterations         | 12300     |
|    time_elapsed       | 577       |
|    total_timesteps    | 61500     |
| train/                |           |
|    entropy_loss       | -119      |
|    explained_variance | -1.19e-07 |
|    learning_rate      | 0.0003    |
|    n_updates          | 12299     |
|    policy_loss        | -297      |
|    std                | 0.998     |
|    value_loss         | 9.93      |
-------------------------------------
------------------------------------
| time/                 |          |
|    fps                | 106      |
|    iterations         | 12400    |
|    time_elapsed       | 582      |
|    total_timesteps    | 62000    |
| train/                |          |
|    entropy_loss       | -119     |
|    explained_variance | 0.15     |
|    learning_rate      | 0.0003   |
|    n_updates          | 12399    |
|    policy_loss        | 113      |
|    std                | 0.998    |
|    value_loss         | 0.856    |
------------------------------------
------------------------------------
| time/                 |          |
|    fps                | 106      |
|    iterations         | 12500    |
|    time_elapsed       | 587      |
|    total_timesteps    | 62500    |
| train/                |          |
|    entropy_loss       | -119     |
|    explained_variance | 0        |
|    learning_rate      | 0.0003   |
|    n_updates          | 12499    |
|    policy_loss        | -747     |
|    std                | 0.998    |
|    value_loss         | 39       |
------------------------------------
------------------------------------
| time/                 |          |
|    fps                | 106      |
|    iterations         | 12600    |
|    time_elapsed       | 591      |
|    total_timesteps    | 63000    |
| train/                |          |
|    entropy_loss       | -119     |
|    explained_variance | 0        |
|    learning_rate      | 0.0003   |
|    n_updates          | 12599    |
|    policy_loss        | 514      |
|    std                | 0.998    |
|    value_loss         | 25.6     |
------------------------------------
------------------------------------
| time/                 |          |
|    fps                | 106      |
|    iterations         | 12700    |
|    time_elapsed       | 596      |
|    total_timesteps    | 63500    |
| train/                |          |
|    entropy_loss       | -119     |
|    explained_variance | 0.0354   |
|    learning_rate      | 0.0003   |
|    n_updates          | 12699    |
|    policy_loss        | -214     |
|    std                | 0.998    |
|    value_loss         | 3.2      |
------------------------------------
------------------------------------
| time/                 |          |
|    fps                | 106      |
|    iterations         | 12800    |
|    time_elapsed       | 601      |
|    total_timesteps    | 64000    |
| train/                |          |
|    entropy_loss       | -119     |
|    explained_variance | 1.19e-07 |
|    learning_rate      | 0.0003   |
|    n_updates          | 12799    |
|    policy_loss        | -112     |
|    std                | 0.998    |
|    value_loss         | 1.99     |
------------------------------------
------------------------------------
| time/                 |          |
|    fps                | 106      |
|    iterations         | 12900    |
|    time_elapsed       | 606      |
|    total_timesteps    | 64500    |
| train/                |          |
|    entropy_loss       | -119     |
|    explained_variance | 0        |
|    learning_rate      | 0.0003   |
|    n_updates          | 12899    |
|    policy_loss        | -917     |
|    std                | 0.998    |
|    value_loss         | 63.6     |
------------------------------------
------------------------------------
| time/                 |          |
|    fps                | 106      |
|    iterations         | 13000    |
|    time_elapsed       | 610      |
|    total_timesteps    | 65000    |
| train/                |          |
|    entropy_loss       | -119     |
|    explained_variance | 0.112    |
|    learning_rate      | 0.0003   |
|    n_updates          | 12999    |
|    policy_loss        | 184      |
|    std                | 0.998    |
|    value_loss         | 3.75     |
------------------------------------
------------------------------------
| time/                 |          |
|    fps                | 106      |
|    iterations         | 13100    |
|    time_elapsed       | 615      |
|    total_timesteps    | 65500    |
| train/                |          |
|    entropy_loss       | -119     |
|    explained_variance | 0.0317   |
|    learning_rate      | 0.0003   |
|    n_updates          | 13099    |
|    policy_loss        | 90.6     |
|    std                | 0.998    |
|    value_loss         | 4.1      |
------------------------------------
------------------------------------
| time/                 |          |
|    fps                | 106      |
|    iterations         | 13200    |
|    time_elapsed       | 620      |
|    total_timesteps    | 66000    |
| train/                |          |
|    entropy_loss       | -119     |
|    explained_variance | 0        |
|    learning_rate      | 0.0003   |
|    n_updates          | 13199    |
|    policy_loss        | 118      |
|    std                | 0.998    |
|    value_loss         | 2.67     |
------------------------------------
------------------------------------
| time/                 |          |
|    fps                | 106      |
|    iterations         | 13300    |
|    time_elapsed       | 624      |
|    total_timesteps    | 66500    |
| train/                |          |
|    entropy_loss       | -119     |
|    explained_variance | 0.000199 |
|    learning_rate      | 0.0003   |
|    n_updates          | 13299    |
|    policy_loss        | -141     |
|    std                | 0.998    |
|    value_loss         | 2.38     |
------------------------------------
------------------------------------
| time/                 |          |
|    fps                | 106      |
|    iterations         | 13400    |
|    time_elapsed       | 629      |
|    total_timesteps    | 67000    |
| train/                |          |
|    entropy_loss       | -119     |
|    explained_variance | 1.19e-07 |
|    learning_rate      | 0.0003   |
|    n_updates          | 13399    |
|    policy_loss        | -74.1    |
|    std                | 0.998    |
|    value_loss         | 1.51     |
------------------------------------
------------------------------------
| time/                 |          |
|    fps                | 106      |
|    iterations         | 13500    |
|    time_elapsed       | 634      |
|    total_timesteps    | 67500    |
| train/                |          |
|    entropy_loss       | -119     |
|    explained_variance | 0        |
|    learning_rate      | 0.0003   |
|    n_updates          | 13499    |
|    policy_loss        | 749      |
|    std                | 0.998    |
|    value_loss         | 38.5     |
------------------------------------
-------------------------------------
| time/                 |           |
|    fps                | 106       |
|    iterations         | 13600     |
|    time_elapsed       | 639       |
|    total_timesteps    | 68000     |
| train/                |           |
|    entropy_loss       | -119      |
|    explained_variance | -1.19e-07 |
|    learning_rate      | 0.0003    |
|    n_updates          | 13599     |
|    policy_loss        | 65        |
|    std                | 0.998     |
|    value_loss         | 0.822     |
-------------------------------------
------------------------------------
| time/                 |          |
|    fps                | 106      |
|    iterations         | 13700    |
|    time_elapsed       | 643      |
|    total_timesteps    | 68500    |
| train/                |          |
|    entropy_loss       | -119     |
|    explained_variance | 0.105    |
|    learning_rate      | 0.0003   |
|    n_updates          | 13699    |
|    policy_loss        | -272     |
|    std                | 0.998    |
|    value_loss         | 5.88     |
------------------------------------
------------------------------------
| time/                 |          |
|    fps                | 106      |
|    iterations         | 13800    |
|    time_elapsed       | 649      |
|    total_timesteps    | 69000    |
| train/                |          |
|    entropy_loss       | -119     |
|    explained_variance | 0        |
|    learning_rate      | 0.0003   |
|    n_updates          | 13799    |
|    policy_loss        | 123      |
|    std                | 0.998    |
|    value_loss         | 1.26     |
------------------------------------
------------------------------------
| time/                 |          |
|    fps                | 106      |
|    iterations         | 13900    |
|    time_elapsed       | 653      |
|    total_timesteps    | 69500    |
| train/                |          |
|    entropy_loss       | -119     |
|    explained_variance | -0.256   |
|    learning_rate      | 0.0003   |
|    n_updates          | 13899    |
|    policy_loss        | 133      |
|    std                | 0.998    |
|    value_loss         | 1.55     |
------------------------------------
------------------------------------
| time/                 |          |
|    fps                | 106      |
|    iterations         | 14000    |
|    time_elapsed       | 658      |
|    total_timesteps    | 70000    |
| train/                |          |
|    entropy_loss       | -119     |
|    explained_variance | 0        |
|    learning_rate      | 0.0003   |
|    n_updates          | 13999    |
|    policy_loss        | 272      |
|    std                | 0.998    |
|    value_loss         | 6.08     |
------------------------------------
------------------------------------
| time/                 |          |
|    fps                | 106      |
|    iterations         | 14100    |
|    time_elapsed       | 663      |
|    total_timesteps    | 70500    |
| train/                |          |
|    entropy_loss       | -119     |
|    explained_variance | 0.0073   |
|    learning_rate      | 0.0003   |
|    n_updates          | 14099    |
|    policy_loss        | 145      |
|    std                | 0.999    |
|    value_loss         | 2.3      |
------------------------------------
------------------------------------
| time/                 |          |
|    fps                | 106      |
|    iterations         | 14200    |
|    time_elapsed       | 668      |
|    total_timesteps    | 71000    |
| train/                |          |
|    entropy_loss       | -119     |
|    explained_variance | 0.174    |
|    learning_rate      | 0.0003   |
|    n_updates          | 14199    |
|    policy_loss        | -292     |
|    std                | 0.998    |
|    value_loss         | 7.04     |
------------------------------------
------------------------------------
| time/                 |          |
|    fps                | 106      |
|    iterations         | 14300    |
|    time_elapsed       | 673      |
|    total_timesteps    | 71500    |
| train/                |          |
|    entropy_loss       | -119     |
|    explained_variance | 0        |
|    learning_rate      | 0.0003   |
|    n_updates          | 14299    |
|    policy_loss        | -105     |
|    std                | 0.998    |
|    value_loss         | 1.05     |
------------------------------------
------------------------------------
| time/                 |          |
|    fps                | 106      |
|    iterations         | 14400    |
|    time_elapsed       | 678      |
|    total_timesteps    | 72000    |
| train/                |          |
|    entropy_loss       | -119     |
|    explained_variance | 0        |
|    learning_rate      | 0.0003   |
|    n_updates          | 14399    |
|    policy_loss        | -217     |
|    std                | 0.998    |
|    value_loss         | 4.5      |
------------------------------------
------------------------------------
| time/                 |          |
|    fps                | 106      |
|    iterations         | 14500    |
|    time_elapsed       | 682      |
|    total_timesteps    | 72500    |
| train/                |          |
|    entropy_loss       | -119     |
|    explained_variance | -0.0689  |
|    learning_rate      | 0.0003   |
|    n_updates          | 14499    |
|    policy_loss        | -162     |
|    std                | 0.999    |
|    value_loss         | 2.46     |
------------------------------------
------------------------------------
| time/                 |          |
|    fps                | 106      |
|    iterations         | 14600    |
|    time_elapsed       | 687      |
|    total_timesteps    | 73000    |
| train/                |          |
|    entropy_loss       | -119     |
|    explained_variance | 0        |
|    learning_rate      | 0.0003   |
|    n_updates          | 14599    |
|    policy_loss        | 156      |
|    std                | 0.998    |
|    value_loss         | 4.63     |
------------------------------------
------------------------------------
| time/                 |          |
|    fps                | 105      |
|    iterations         | 14700    |
|    time_elapsed       | 693      |
|    total_timesteps    | 73500    |
| train/                |          |
|    entropy_loss       | -119     |
|    explained_variance | 0        |
|    learning_rate      | 0.0003   |
|    n_updates          | 14699    |
|    policy_loss        | -317     |
|    std                | 0.998    |
|    value_loss         | 11.1     |
------------------------------------
day: 1508, episode: 50
begin_total_asset: 1000000.00
end_total_asset: 2271843.72
total_reward: 1271843.72
total_cost: 24825.67
total_trades: 66742
Sharpe: 0.722
=================================
------------------------------------
| time/                 |          |
|    fps                | 105      |
|    iterations         | 14800    |
|    time_elapsed       | 698      |
|    total_timesteps    | 74000    |
| train/                |          |
|    entropy_loss       | -119     |
|    explained_variance | -0.184   |
|    learning_rate      | 0.0003   |
|    n_updates          | 14799    |
|    policy_loss        | -111     |
|    std                | 0.998    |
|    value_loss         | 1.4      |
------------------------------------
-------------------------------------
| time/                 |           |
|    fps                | 105       |
|    iterations         | 14900     |
|    time_elapsed       | 703       |
|    total_timesteps    | 74500     |
| train/                |           |
|    entropy_loss       | -119      |
|    explained_variance | -1.19e-07 |
|    learning_rate      | 0.0003    |
|    n_updates          | 14899     |
|    policy_loss        | 158       |
|    std                | 0.998     |
|    value_loss         | 3.77      |
-------------------------------------
------------------------------------
| time/                 |          |
|    fps                | 105      |
|    iterations         | 15000    |
|    time_elapsed       | 708      |
|    total_timesteps    | 75000    |
| train/                |          |
|    entropy_loss       | -119     |
|    explained_variance | 0        |
|    learning_rate      | 0.0003   |
|    n_updates          | 14999    |
|    policy_loss        | -172     |
|    std                | 0.998    |
|    value_loss         | 4.07     |
------------------------------------
------------------------------------
| time/                 |          |
|    fps                | 105      |
|    iterations         | 15100    |
|    time_elapsed       | 713      |
|    total_timesteps    | 75500    |
| train/                |          |
|    entropy_loss       | -119     |
|    explained_variance | -0.0529  |
|    learning_rate      | 0.0003   |
|    n_updates          | 15099    |
|    policy_loss        | 7.78     |
|    std                | 0.997    |
|    value_loss         | 0.779    |
------------------------------------
------------------------------------
| time/                 |          |
|    fps                | 105      |
|    iterations         | 15200    |
|    time_elapsed       | 720      |
|    total_timesteps    | 76000    |
| train/                |          |
|    entropy_loss       | -119     |
|    explained_variance | 0        |
|    learning_rate      | 0.0003   |
|    n_updates          | 15199    |
|    policy_loss        | -792     |
|    std                | 0.997    |
|    value_loss         | 50.8     |
------------------------------------
------------------------------------
| time/                 |          |
|    fps                | 105      |
|    iterations         | 15300    |
|    time_elapsed       | 724      |
|    total_timesteps    | 76500    |
| train/                |          |
|    entropy_loss       | -119     |
|    explained_variance | -0.0243  |
|    learning_rate      | 0.0003   |
|    n_updates          | 15299    |
|    policy_loss        | 201      |
|    std                | 0.997    |
|    value_loss         | 3.22     |
------------------------------------
------------------------------------
| time/                 |          |
|    fps                | 105      |
|    iterations         | 15400    |
|    time_elapsed       | 729      |
|    total_timesteps    | 77000    |
| train/                |          |
|    entropy_loss       | -119     |
|    explained_variance | 0.38     |
|    learning_rate      | 0.0003   |
|    n_updates          | 15399    |
|    policy_loss        | -125     |
|    std                | 0.997    |
|    value_loss         | 1.29     |
------------------------------------
------------------------------------
| time/                 |          |
|    fps                | 105      |
|    iterations         | 15500    |
|    time_elapsed       | 734      |
|    total_timesteps    | 77500    |
| train/                |          |
|    entropy_loss       | -119     |
|    explained_variance | 0        |
|    learning_rate      | 0.0003   |
|    n_updates          | 15499    |
|    policy_loss        | 52.6     |
|    std                | 0.997    |
|    value_loss         | 1.51     |
------------------------------------
------------------------------------
| time/                 |          |
|    fps                | 105      |
|    iterations         | 15600    |
|    time_elapsed       | 738      |
|    total_timesteps    | 78000    |
| train/                |          |
|    entropy_loss       | -119     |
|    explained_variance | 0        |
|    learning_rate      | 0.0003   |
|    n_updates          | 15599    |
|    policy_loss        | 41.8     |
|    std                | 0.997    |
|    value_loss         | 0.177    |
------------------------------------
------------------------------------
| time/                 |          |
|    fps                | 105      |
|    iterations         | 15700    |
|    time_elapsed       | 743      |
|    total_timesteps    | 78500    |
| train/                |          |
|    entropy_loss       | -119     |
|    explained_variance | -0.122   |
|    learning_rate      | 0.0003   |
|    n_updates          | 15699    |
|    policy_loss        | -54.1    |
|    std                | 0.997    |
|    value_loss         | 0.368    |
------------------------------------
------------------------------------
| time/                 |          |
|    fps                | 105      |
|    iterations         | 15800    |
|    time_elapsed       | 748      |
|    total_timesteps    | 79000    |
| train/                |          |
|    entropy_loss       | -119     |
|    explained_variance | 1.19e-07 |
|    learning_rate      | 0.0003   |
|    n_updates          | 15799    |
|    policy_loss        | 662      |
|    std                | 0.997    |
|    value_loss         | 35       |
------------------------------------
------------------------------------
| time/                 |          |
|    fps                | 105      |
|    iterations         | 15900    |
|    time_elapsed       | 752      |
|    total_timesteps    | 79500    |
| train/                |          |
|    entropy_loss       | -119     |
|    explained_variance | 0        |
|    learning_rate      | 0.0003   |
|    n_updates          | 15899    |
|    policy_loss        | -132     |
|    std                | 0.997    |
|    value_loss         | 2.25     |
------------------------------------
------------------------------------
| time/                 |          |
|    fps                | 105      |
|    iterations         | 16000    |
|    time_elapsed       | 757      |
|    total_timesteps    | 80000    |
| train/                |          |
|    entropy_loss       | -119     |
|    explained_variance | -0.0944  |
|    learning_rate      | 0.0003   |
|    n_updates          | 15999    |
|    policy_loss        | 165      |
|    std                | 0.996    |
|    value_loss         | 2.96     |
------------------------------------
------------------------------------
| time/                 |          |
|    fps                | 105      |
|    iterations         | 16100    |
|    time_elapsed       | 763      |
|    total_timesteps    | 80500    |
| train/                |          |
|    entropy_loss       | -119     |
|    explained_variance | 0.194    |
|    learning_rate      | 0.0003   |
|    n_updates          | 16099    |
|    policy_loss        | 462      |
|    std                | 0.997    |
|    value_loss         | 17.6     |
------------------------------------
-------------------------------------
| time/                 |           |
|    fps                | 105       |
|    iterations         | 16200     |
|    time_elapsed       | 767       |
|    total_timesteps    | 81000     |
| train/                |           |
|    entropy_loss       | -119      |
|    explained_variance | -1.19e-07 |
|    learning_rate      | 0.0003    |
|    n_updates          | 16199     |
|    policy_loss        | 265       |
|    std                | 0.996     |
|    value_loss         | 12.1      |
-------------------------------------
------------------------------------
| time/                 |          |
|    fps                | 105      |
|    iterations         | 16300    |
|    time_elapsed       | 772      |
|    total_timesteps    | 81500    |
| train/                |          |
|    entropy_loss       | -119     |
|    explained_variance | 0        |
|    learning_rate      | 0.0003   |
|    n_updates          | 16299    |
|    policy_loss        | -85.3    |
|    std                | 0.997    |
|    value_loss         | 0.512    |
------------------------------------
-------------------------------------
| time/                 |           |
|    fps                | 105       |
|    iterations         | 16400     |
|    time_elapsed       | 776       |
|    total_timesteps    | 82000     |
| train/                |           |
|    entropy_loss       | -119      |
|    explained_variance | -1.19e-07 |
|    learning_rate      | 0.0003    |
|    n_updates          | 16399     |
|    policy_loss        | 235       |
|    std                | 0.997     |
|    value_loss         | 6.85      |
-------------------------------------
------------------------------------
| time/                 |          |
|    fps                | 105      |
|    iterations         | 16500    |
|    time_elapsed       | 781      |
|    total_timesteps    | 82500    |
| train/                |          |
|    entropy_loss       | -119     |
|    explained_variance | -0.133   |
|    learning_rate      | 0.0003   |
|    n_updates          | 16499    |
|    policy_loss        | 550      |
|    std                | 0.996    |
|    value_loss         | 23.5     |
------------------------------------
------------------------------------
| time/                 |          |
|    fps                | 105      |
|    iterations         | 16600    |
|    time_elapsed       | 786      |
|    total_timesteps    | 83000    |
| train/                |          |
|    entropy_loss       | -119     |
|    explained_variance | 0        |
|    learning_rate      | 0.0003   |
|    n_updates          | 16599    |
|    policy_loss        | -29.6    |
|    std                | 0.997    |
|    value_loss         | 113      |
------------------------------------
------------------------------------
| time/                 |          |
|    fps                | 105      |
|    iterations         | 16700    |
|    time_elapsed       | 790      |
|    total_timesteps    | 83500    |
| train/                |          |
|    entropy_loss       | -119     |
|    explained_variance | -0.0329  |
|    learning_rate      | 0.0003   |
|    n_updates          | 16699    |
|    policy_loss        | 0.477    |
|    std                | 0.996    |
|    value_loss         | 0.309    |
------------------------------------
-------------------------------------
| time/                 |           |
|    fps                | 105       |
|    iterations         | 16800     |
|    time_elapsed       | 795       |
|    total_timesteps    | 84000     |
| train/                |           |
|    entropy_loss       | -119      |
|    explained_variance | -1.19e-07 |
|    learning_rate      | 0.0003    |
|    n_updates          | 16799     |
|    policy_loss        | -151      |
|    std                | 0.996     |
|    value_loss         | 2.58      |
-------------------------------------
-------------------------------------
| time/                 |           |
|    fps                | 105       |
|    iterations         | 16900     |
|    time_elapsed       | 799       |
|    total_timesteps    | 84500     |
| train/                |           |
|    entropy_loss       | -119      |
|    explained_variance | 0         |
|    learning_rate      | 0.0003    |
|    n_updates          | 16899     |
|    policy_loss        | -1.62e+03 |
|    std                | 0.996     |
|    value_loss         | 188       |
-------------------------------------
------------------------------------
| time/                 |          |
|    fps                | 105      |
|    iterations         | 17000    |
|    time_elapsed       | 804      |
|    total_timesteps    | 85000    |
| train/                |          |
|    entropy_loss       | -119     |
|    explained_variance | 1.19e-07 |
|    learning_rate      | 0.0003   |
|    n_updates          | 16999    |
|    policy_loss        | -228     |
|    std                | 0.997    |
|    value_loss         | 4.8      |
------------------------------------
------------------------------------
| time/                 |          |
|    fps                | 105      |
|    iterations         | 17100    |
|    time_elapsed       | 809      |
|    total_timesteps    | 85500    |
| train/                |          |
|    entropy_loss       | -119     |
|    explained_variance | 0        |
|    learning_rate      | 0.0003   |
|    n_updates          | 17099    |
|    policy_loss        | -743     |
|    std                | 0.997    |
|    value_loss         | 104      |
------------------------------------
-------------------------------------
| time/                 |           |
|    fps                | 105       |
|    iterations         | 17200     |
|    time_elapsed       | 813       |
|    total_timesteps    | 86000     |
| train/                |           |
|    entropy_loss       | -119      |
|    explained_variance | -1.19e-07 |
|    learning_rate      | 0.0003    |
|    n_updates          | 17199     |
|    policy_loss        | 3.74e+03  |
|    std                | 0.997     |
|    value_loss         | 1.18e+03  |
-------------------------------------
------------------------------------
| time/                 |          |
|    fps                | 105      |
|    iterations         | 17300    |
|    time_elapsed       | 818      |
|    total_timesteps    | 86500    |
| train/                |          |
|    entropy_loss       | -119     |
|    explained_variance | 0        |
|    learning_rate      | 0.0003   |
|    n_updates          | 17299    |
|    policy_loss        | -755     |
|    std                | 0.997    |
|    value_loss         | 48.8     |
------------------------------------
------------------------------------
| time/                 |          |
|    fps                | 105      |
|    iterations         | 17400    |
|    time_elapsed       | 822      |
|    total_timesteps    | 87000    |
| train/                |          |
|    entropy_loss       | -119     |
|    explained_variance | 1.19e-07 |
|    learning_rate      | 0.0003   |
|    n_updates          | 17399    |
|    policy_loss        | 35.6     |
|    std                | 0.996    |
|    value_loss         | 2.46     |
------------------------------------
-------------------------------------
| time/                 |           |
|    fps                | 105       |
|    iterations         | 17500     |
|    time_elapsed       | 827       |
|    total_timesteps    | 87500     |
| train/                |           |
|    entropy_loss       | -119      |
|    explained_variance | 0         |
|    learning_rate      | 0.0003    |
|    n_updates          | 17499     |
|    policy_loss        | -1.89e+03 |
|    std                | 0.997     |
|    value_loss         | 249       |
-------------------------------------
-------------------------------------
| time/                 |           |
|    fps                | 105       |
|    iterations         | 17600     |
|    time_elapsed       | 832       |
|    total_timesteps    | 88000     |
| train/                |           |
|    entropy_loss       | -119      |
|    explained_variance | -1.19e-07 |
|    learning_rate      | 0.0003    |
|    n_updates          | 17599     |
|    policy_loss        | -160      |
|    std                | 0.996     |
|    value_loss         | 2.41      |
-------------------------------------
------------------------------------
| time/                 |          |
|    fps                | 105      |
|    iterations         | 17700    |
|    time_elapsed       | 836      |
|    total_timesteps    | 88500    |
| train/                |          |
|    entropy_loss       | -119     |
|    explained_variance | 0        |
|    learning_rate      | 0.0003   |
|    n_updates          | 17699    |
|    policy_loss        | -396     |
|    std                | 0.997    |
|    value_loss         | 13.9     |
------------------------------------
------------------------------------
| time/                 |          |
|    fps                | 105      |
|    iterations         | 17800    |
|    time_elapsed       | 841      |
|    total_timesteps    | 89000    |
| train/                |          |
|    entropy_loss       | -119     |
|    explained_variance | 1.79e-07 |
|    learning_rate      | 0.0003   |
|    n_updates          | 17799    |
|    policy_loss        | 410      |
|    std                | 0.996    |
|    value_loss         | 40.2     |
------------------------------------
day: 1508, episode: 60
begin_total_asset: 1000000.00
end_total_asset: 2535581.31
total_reward: 1535581.31
total_cost: 12578.21
total_trades: 65839
Sharpe: 0.657
=================================
------------------------------------
| time/                 |          |
|    fps                | 105      |
|    iterations         | 17900    |
|    time_elapsed       | 846      |
|    total_timesteps    | 89500    |
| train/                |          |
|    entropy_loss       | -119     |
|    explained_variance | 0.135    |
|    learning_rate      | 0.0003   |
|    n_updates          | 17899    |
|    policy_loss        | 156      |
|    std                | 0.996    |
|    value_loss         | 5.43     |
------------------------------------
------------------------------------
| time/                 |          |
|    fps                | 105      |
|    iterations         | 18000    |
|    time_elapsed       | 850      |
|    total_timesteps    | 90000    |
| train/                |          |
|    entropy_loss       | -119     |
|    explained_variance | 0        |
|    learning_rate      | 0.0003   |
|    n_updates          | 17999    |
|    policy_loss        | -243     |
|    std                | 0.996    |
|    value_loss         | 6.96     |
------------------------------------
-------------------------------------
| time/                 |           |
|    fps                | 105       |
|    iterations         | 18100     |
|    time_elapsed       | 856       |
|    total_timesteps    | 90500     |
| train/                |           |
|    entropy_loss       | -119      |
|    explained_variance | 1.19e-07  |
|    learning_rate      | 0.0003    |
|    n_updates          | 18099     |
|    policy_loss        | -1.64e+03 |
|    std                | 0.996     |
|    value_loss         | 210       |
-------------------------------------
------------------------------------
| time/                 |          |
|    fps                | 105      |
|    iterations         | 18200    |
|    time_elapsed       | 862      |
|    total_timesteps    | 91000    |
| train/                |          |
|    entropy_loss       | -119     |
|    explained_variance | 0.34     |
|    learning_rate      | 0.0003   |
|    n_updates          | 18199    |
|    policy_loss        | 45       |
|    std                | 0.996    |
|    value_loss         | 5.58     |
------------------------------------
------------------------------------
| time/                 |          |
|    fps                | 105      |
|    iterations         | 18300    |
|    time_elapsed       | 871      |
|    total_timesteps    | 91500    |
| train/                |          |
|    entropy_loss       | -119     |
|    explained_variance | 2.03e-06 |
|    learning_rate      | 0.0003   |
|    n_updates          | 18299    |
|    policy_loss        | -440     |
|    std                | 0.996    |
|    value_loss         | 21.5     |
------------------------------------
-------------------------------------
| time/                 |           |
|    fps                | 105       |
|    iterations         | 18400     |
|    time_elapsed       | 875       |
|    total_timesteps    | 92000     |
| train/                |           |
|    entropy_loss       | -119      |
|    explained_variance | 0         |
|    learning_rate      | 0.0003    |
|    n_updates          | 18399     |
|    policy_loss        | -1.82e+03 |
|    std                | 0.996     |
|    value_loss         | 310       |
-------------------------------------
------------------------------------
| time/                 |          |
|    fps                | 105      |
|    iterations         | 18500    |
|    time_elapsed       | 880      |
|    total_timesteps    | 92500    |
| train/                |          |
|    entropy_loss       | -119     |
|    explained_variance | 0        |
|    learning_rate      | 0.0003   |
|    n_updates          | 18499    |
|    policy_loss        | -256     |
|    std                | 0.996    |
|    value_loss         | 6.76     |
------------------------------------
-------------------------------------
| time/                 |           |
|    fps                | 104       |
|    iterations         | 18600     |
|    time_elapsed       | 888       |
|    total_timesteps    | 93000     |
| train/                |           |
|    entropy_loss       | -119      |
|    explained_variance | -1.19e-07 |
|    learning_rate      | 0.0003    |
|    n_updates          | 18599     |
|    policy_loss        | -31.6     |
|    std                | 0.996     |
|    value_loss         | 0.596     |
-------------------------------------
------------------------------------
| time/                 |          |
|    fps                | 104      |
|    iterations         | 18700    |
|    time_elapsed       | 895      |
|    total_timesteps    | 93500    |
| train/                |          |
|    entropy_loss       | -119     |
|    explained_variance | 0        |
|    learning_rate      | 0.0003   |
|    n_updates          | 18699    |
|    policy_loss        | 368      |
|    std                | 0.995    |
|    value_loss         | 14.3     |
------------------------------------
------------------------------------
| time/                 |          |
|    fps                | 104      |
|    iterations         | 18800    |
|    time_elapsed       | 902      |
|    total_timesteps    | 94000    |
| train/                |          |
|    entropy_loss       | -119     |
|    explained_variance | 0        |
|    learning_rate      | 0.0003   |
|    n_updates          | 18799    |
|    policy_loss        | -321     |
|    std                | 0.996    |
|    value_loss         | 16.3     |
------------------------------------
-------------------------------------
| time/                 |           |
|    fps                | 103       |
|    iterations         | 18900     |
|    time_elapsed       | 912       |
|    total_timesteps    | 94500     |
| train/                |           |
|    entropy_loss       | -119      |
|    explained_variance | -1.19e-07 |
|    learning_rate      | 0.0003    |
|    n_updates          | 18899     |
|    policy_loss        | 301       |
|    std                | 0.996     |
|    value_loss         | 6.88      |
-------------------------------------
------------------------------------
| time/                 |          |
|    fps                | 103      |
|    iterations         | 19000    |
|    time_elapsed       | 916      |
|    total_timesteps    | 95000    |
| train/                |          |
|    entropy_loss       | -119     |
|    explained_variance | 0        |
|    learning_rate      | 0.0003   |
|    n_updates          | 18999    |
|    policy_loss        | 5.21     |
|    std                | 0.996    |
|    value_loss         | 29.3     |
------------------------------------
------------------------------------
| time/                 |          |
|    fps                | 103      |
|    iterations         | 19100    |
|    time_elapsed       | 921      |
|    total_timesteps    | 95500    |
| train/                |          |
|    entropy_loss       | -119     |
|    explained_variance | 0        |
|    learning_rate      | 0.0003   |
|    n_updates          | 19099    |
|    policy_loss        | -733     |
|    std                | 0.996    |
|    value_loss         | 39.5     |
------------------------------------
------------------------------------
| time/                 |          |
|    fps                | 103      |
|    iterations         | 19200    |
|    time_elapsed       | 930      |
|    total_timesteps    | 96000    |
| train/                |          |
|    entropy_loss       | -119     |
|    explained_variance | 1.19e-07 |
|    learning_rate      | 0.0003   |
|    n_updates          | 19199    |
|    policy_loss        | 33.6     |
|    std                | 0.995    |
|    value_loss         | 2.32     |
------------------------------------
-------------------------------------
| time/                 |           |
|    fps                | 102       |
|    iterations         | 19300     |
|    time_elapsed       | 937       |
|    total_timesteps    | 96500     |
| train/                |           |
|    entropy_loss       | -119      |
|    explained_variance | -1.19e-07 |
|    learning_rate      | 0.0003    |
|    n_updates          | 19299     |
|    policy_loss        | 124       |
|    std                | 0.996     |
|    value_loss         | 1.22      |
-------------------------------------
------------------------------------
| time/                 |          |
|    fps                | 102      |
|    iterations         | 19400    |
|    time_elapsed       | 943      |
|    total_timesteps    | 97000    |
| train/                |          |
|    entropy_loss       | -119     |
|    explained_variance | 0        |
|    learning_rate      | 0.0003   |
|    n_updates          | 19399    |
|    policy_loss        | 18       |
|    std                | 0.995    |
|    value_loss         | 1.1      |
------------------------------------
------------------------------------
| time/                 |          |
|    fps                | 102      |
|    iterations         | 19500    |
|    time_elapsed       | 949      |
|    total_timesteps    | 97500    |
| train/                |          |
|    entropy_loss       | -119     |
|    explained_variance | 0        |
|    learning_rate      | 0.0003   |
|    n_updates          | 19499    |
|    policy_loss        | -35.6    |
|    std                | 0.995    |
|    value_loss         | 1.25     |
------------------------------------
------------------------------------
| time/                 |          |
|    fps                | 102      |
|    iterations         | 19600    |
|    time_elapsed       | 954      |
|    total_timesteps    | 98000    |
| train/                |          |
|    entropy_loss       | -119     |
|    explained_variance | 0        |
|    learning_rate      | 0.0003   |
|    n_updates          | 19599    |
|    policy_loss        | 933      |
|    std                | 0.996    |
|    value_loss         | 65.8     |
------------------------------------
------------------------------------
| time/                 |          |
|    fps                | 102      |
|    iterations         | 19700    |
|    time_elapsed       | 959      |
|    total_timesteps    | 98500    |
| train/                |          |
|    entropy_loss       | -119     |
|    explained_variance | 0.235    |
|    learning_rate      | 0.0003   |
|    n_updates          | 19699    |
|    policy_loss        | 341      |
|    std                | 0.996    |
|    value_loss         | 10.1     |
------------------------------------
------------------------------------
| time/                 |          |
|    fps                | 102      |
|    iterations         | 19800    |
|    time_elapsed       | 963      |
|    total_timesteps    | 99000    |
| train/                |          |
|    entropy_loss       | -119     |
|    explained_variance | 0        |
|    learning_rate      | 0.0003   |
|    n_updates          | 19799    |
|    policy_loss        | 46.4     |
|    std                | 0.996    |
|    value_loss         | 0.596    |
------------------------------------
------------------------------------
| time/                 |          |
|    fps                | 102      |
|    iterations         | 19900    |
|    time_elapsed       | 968      |
|    total_timesteps    | 99500    |
| train/                |          |
|    entropy_loss       | -119     |
|    explained_variance | 0.0303   |
|    learning_rate      | 0.0003   |
|    n_updates          | 19899    |
|    policy_loss        | 556      |
|    std                | 0.996    |
|    value_loss         | 27.9     |
------------------------------------
-------------------------------------
| time/                 |           |
|    fps                | 102       |
|    iterations         | 20000     |
|    time_elapsed       | 976       |
|    total_timesteps    | 100000    |
| train/                |           |
|    entropy_loss       | -119      |
|    explained_variance | -2.35e-05 |
|    learning_rate      | 0.0003    |
|    n_updates          | 19999     |
|    policy_loss        | -316      |
|    std                | 0.996     |
|    value_loss         | 8.35      |
-------------------------------------
------------------------------------
| time/                 |          |
|    fps                | 102      |
|    iterations         | 20100    |
|    time_elapsed       | 984      |
|    total_timesteps    | 100500   |
| train/                |          |
|    entropy_loss       | -119     |
|    explained_variance | 0        |
|    learning_rate      | 0.0003   |
|    n_updates          | 20099    |
|    policy_loss        | 113      |
|    std                | 0.996    |
|    value_loss         | 3        |
------------------------------------
------------------------------------
| time/                 |          |
|    fps                | 101      |
|    iterations         | 20200    |
|    time_elapsed       | 990      |
|    total_timesteps    | 101000   |
| train/                |          |
|    entropy_loss       | -119     |
|    explained_variance | 0        |
|    learning_rate      | 0.0003   |
|    n_updates          | 20199    |
|    policy_loss        | 67.3     |
|    std                | 0.996    |
|    value_loss         | 4.87     |
------------------------------------
------------------------------------
| time/                 |          |
|    fps                | 101      |
|    iterations         | 20300    |
|    time_elapsed       | 997      |
|    total_timesteps    | 101500   |
| train/                |          |
|    entropy_loss       | -119     |
|    explained_variance | 0.0525   |
|    learning_rate      | 0.0003   |
|    n_updates          | 20299    |
|    policy_loss        | 272      |
|    std                | 0.995    |
|    value_loss         | 5.81     |
------------------------------------
------------------------------------
| time/                 |          |
|    fps                | 101      |
|    iterations         | 20400    |
|    time_elapsed       | 1005     |
|    total_timesteps    | 102000   |
| train/                |          |
|    entropy_loss       | -119     |
|    explained_variance | 0.0013   |
|    learning_rate      | 0.0003   |
|    n_updates          | 20399    |
|    policy_loss        | -140     |
|    std                | 0.996    |
|    value_loss         | 2.68     |
------------------------------------
------------------------------------
| time/                 |          |
|    fps                | 101      |
|    iterations         | 20500    |
|    time_elapsed       | 1010     |
|    total_timesteps    | 102500   |
| train/                |          |
|    entropy_loss       | -119     |
|    explained_variance | 0.102    |
|    learning_rate      | 0.0003   |
|    n_updates          | 20499    |
|    policy_loss        | 448      |
|    std                | 0.996    |
|    value_loss         | 27.2     |
------------------------------------
------------------------------------
| time/                 |          |
|    fps                | 101      |
|    iterations         | 20600    |
|    time_elapsed       | 1017     |
|    total_timesteps    | 103000   |
| train/                |          |
|    entropy_loss       | -119     |
|    explained_variance | 0.0724   |
|    learning_rate      | 0.0003   |
|    n_updates          | 20599    |
|    policy_loss        | -363     |
|    std                | 0.996    |
|    value_loss         | 17.6     |
------------------------------------
------------------------------------
| time/                 |          |
|    fps                | 101      |
|    iterations         | 20700    |
|    time_elapsed       | 1021     |
|    total_timesteps    | 103500   |
| train/                |          |
|    entropy_loss       | -119     |
|    explained_variance | 0.126    |
|    learning_rate      | 0.0003   |
|    n_updates          | 20699    |
|    policy_loss        | -61.9    |
|    std                | 0.995    |
|    value_loss         | 5.28     |
------------------------------------
------------------------------------
| time/                 |          |
|    fps                | 100      |
|    iterations         | 20800    |
|    time_elapsed       | 1031     |
|    total_timesteps    | 104000   |
| train/                |          |
|    entropy_loss       | -119     |
|    explained_variance | 0        |
|    learning_rate      | 0.0003   |
|    n_updates          | 20799    |
|    policy_loss        | -149     |
|    std                | 0.995    |
|    value_loss         | 9.08     |
------------------------------------
day: 1508, episode: 70
begin_total_asset: 1000000.00
end_total_asset: 2347838.68
total_reward: 1347838.68
total_cost: 15910.80
total_trades: 67083
Sharpe: 0.666
=================================
------------------------------------
| time/                 |          |
|    fps                | 100      |
|    iterations         | 20900    |
|    time_elapsed       | 1039     |
|    total_timesteps    | 104500   |
| train/                |          |
|    entropy_loss       | -119     |
|    explained_variance | 0.169    |
|    learning_rate      | 0.0003   |
|    n_updates          | 20899    |
|    policy_loss        | 138      |
|    std                | 0.995    |
|    value_loss         | 1.54     |
------------------------------------
------------------------------------
| time/                 |          |
|    fps                | 100      |
|    iterations         | 21000    |
|    time_elapsed       | 1045     |
|    total_timesteps    | 105000   |
| train/                |          |
|    entropy_loss       | -119     |
|    explained_variance | 5.96e-08 |
|    learning_rate      | 0.0003   |
|    n_updates          | 20999    |
|    policy_loss        | -98.3    |
|    std                | 0.996    |
|    value_loss         | 0.995    |
------------------------------------
------------------------------------
| time/                 |          |
|    fps                | 100      |
|    iterations         | 21100    |
|    time_elapsed       | 1054     |
|    total_timesteps    | 105500   |
| train/                |          |
|    entropy_loss       | -119     |
|    explained_variance | 0        |
|    learning_rate      | 0.0003   |
|    n_updates          | 21099    |
|    policy_loss        | 771      |
|    std                | 0.996    |
|    value_loss         | 48.7     |
------------------------------------
------------------------------------
| time/                 |          |
|    fps                | 99       |
|    iterations         | 21200    |
|    time_elapsed       | 1061     |
|    total_timesteps    | 106000   |
| train/                |          |
|    entropy_loss       | -119     |
|    explained_variance | -0.481   |
|    learning_rate      | 0.0003   |
|    n_updates          | 21199    |
|    policy_loss        | 376      |
|    std                | 0.996    |
|    value_loss         | 10.5     |
------------------------------------
------------------------------------
| time/                 |          |
|    fps                | 99       |
|    iterations         | 21300    |
|    time_elapsed       | 1067     |
|    total_timesteps    | 106500   |
| train/                |          |
|    entropy_loss       | -119     |
|    explained_variance | 0        |
|    learning_rate      | 0.0003   |
|    n_updates          | 21299    |
|    policy_loss        | -221     |
|    std                | 0.996    |
|    value_loss         | 5.56     |
------------------------------------
------------------------------------
| time/                 |          |
|    fps                | 99       |
|    iterations         | 21400    |
|    time_elapsed       | 1074     |
|    total_timesteps    | 107000   |
| train/                |          |
|    entropy_loss       | -119     |
|    explained_variance | 0        |
|    learning_rate      | 0.0003   |
|    n_updates          | 21399    |
|    policy_loss        | -88.9    |
|    std                | 0.996    |
|    value_loss         | 7.09     |
------------------------------------
------------------------------------
| time/                 |          |
|    fps                | 99       |
|    iterations         | 21500    |
|    time_elapsed       | 1081     |
|    total_timesteps    | 107500   |
| train/                |          |
|    entropy_loss       | -119     |
|    explained_variance | 0        |
|    learning_rate      | 0.0003   |
|    n_updates          | 21499    |
|    policy_loss        | -600     |
|    std                | 0.996    |
|    value_loss         | 38.7     |
------------------------------------
------------------------------------
| time/                 |          |
|    fps                | 99       |
|    iterations         | 21600    |
|    time_elapsed       | 1086     |
|    total_timesteps    | 108000   |
| train/                |          |
|    entropy_loss       | -119     |
|    explained_variance | 0.165    |
|    learning_rate      | 0.0003   |
|    n_updates          | 21599    |
|    policy_loss        | 321      |
|    std                | 0.996    |
|    value_loss         | 10.8     |
------------------------------------
------------------------------------
| time/                 |          |
|    fps                | 99       |
|    iterations         | 21700    |
|    time_elapsed       | 1090     |
|    total_timesteps    | 108500   |
| train/                |          |
|    entropy_loss       | -119     |
|    explained_variance | 0        |
|    learning_rate      | 0.0003   |
|    n_updates          | 21699    |
|    policy_loss        | -457     |
|    std                | 0.996    |
|    value_loss         | 14.8     |
------------------------------------
------------------------------------
| time/                 |          |
|    fps                | 99       |
|    iterations         | 21800    |
|    time_elapsed       | 1095     |
|    total_timesteps    | 109000   |
| train/                |          |
|    entropy_loss       | -119     |
|    explained_variance | 0.213    |
|    learning_rate      | 0.0003   |
|    n_updates          | 21799    |
|    policy_loss        | 379      |
|    std                | 0.997    |
|    value_loss         | 11.7     |
------------------------------------
-------------------------------------
| time/                 |           |
|    fps                | 99        |
|    iterations         | 21900     |
|    time_elapsed       | 1101      |
|    total_timesteps    | 109500    |
| train/                |           |
|    entropy_loss       | -119      |
|    explained_variance | -1.19e-07 |
|    learning_rate      | 0.0003    |
|    n_updates          | 21899     |
|    policy_loss        | -139      |
|    std                | 0.997     |
|    value_loss         | 3.51      |
-------------------------------------
------------------------------------
| time/                 |          |
|    fps                | 99       |
|    iterations         | 22000    |
|    time_elapsed       | 1107     |
|    total_timesteps    | 110000   |
| train/                |          |
|    entropy_loss       | -119     |
|    explained_variance | 0        |
|    learning_rate      | 0.0003   |
|    n_updates          | 21999    |
|    policy_loss        | 698      |
|    std                | 0.997    |
|    value_loss         | 45.8     |
------------------------------------
------------------------------------
| time/                 |          |
|    fps                | 99       |
|    iterations         | 22100    |
|    time_elapsed       | 1113     |
|    total_timesteps    | 110500   |
| train/                |          |
|    entropy_loss       | -119     |
|    explained_variance | 0        |
|    learning_rate      | 0.0003   |
|    n_updates          | 22099    |
|    policy_loss        | -877     |
|    std                | 0.997    |
|    value_loss         | 53.4     |
------------------------------------
------------------------------------
| time/                 |          |
|    fps                | 98       |
|    iterations         | 22200    |
|    time_elapsed       | 1122     |
|    total_timesteps    | 111000   |
| train/                |          |
|    entropy_loss       | -119     |
|    explained_variance | 3.67e-05 |
|    learning_rate      | 0.0003   |
|    n_updates          | 22199    |
|    policy_loss        | -127     |
|    std                | 0.997    |
|    value_loss         | 2.67     |
------------------------------------
------------------------------------
| time/                 |          |
|    fps                | 98       |
|    iterations         | 22300    |
|    time_elapsed       | 1128     |
|    total_timesteps    | 111500   |
| train/                |          |
|    entropy_loss       | -119     |
|    explained_variance | 0        |
|    learning_rate      | 0.0003   |
|    n_updates          | 22299    |
|    policy_loss        | -424     |
|    std                | 0.997    |
|    value_loss         | 36.5     |
------------------------------------
------------------------------------
| time/                 |          |
|    fps                | 98       |
|    iterations         | 22400    |
|    time_elapsed       | 1134     |
|    total_timesteps    | 112000   |
| train/                |          |
|    entropy_loss       | -119     |
|    explained_variance | 0.138    |
|    learning_rate      | 0.0003   |
|    n_updates          | 22399    |
|    policy_loss        | -713     |
|    std                | 0.997    |
|    value_loss         | 41.4     |
------------------------------------
------------------------------------
| time/                 |          |
|    fps                | 98       |
|    iterations         | 22500    |
|    time_elapsed       | 1142     |
|    total_timesteps    | 112500   |
| train/                |          |
|    entropy_loss       | -119     |
|    explained_variance | 0        |
|    learning_rate      | 0.0003   |
|    n_updates          | 22499    |
|    policy_loss        | -314     |
|    std                | 0.997    |
|    value_loss         | 8.13     |
------------------------------------
------------------------------------
| time/                 |          |
|    fps                | 98       |
|    iterations         | 22600    |
|    time_elapsed       | 1150     |
|    total_timesteps    | 113000   |
| train/                |          |
|    entropy_loss       | -119     |
|    explained_variance | 0.239    |
|    learning_rate      | 0.0003   |
|    n_updates          | 22599    |
|    policy_loss        | -168     |
|    std                | 0.997    |
|    value_loss         | 10.1     |
------------------------------------
------------------------------------
| time/                 |          |
|    fps                | 98       |
|    iterations         | 22700    |
|    time_elapsed       | 1157     |
|    total_timesteps    | 113500   |
| train/                |          |
|    entropy_loss       | -119     |
|    explained_variance | 1.79e-07 |
|    learning_rate      | 0.0003   |
|    n_updates          | 22699    |
|    policy_loss        | -726     |
|    std                | 0.998    |
|    value_loss         | 51.3     |
------------------------------------
------------------------------------
| time/                 |          |
|    fps                | 98       |
|    iterations         | 22800    |
|    time_elapsed       | 1162     |
|    total_timesteps    | 114000   |
| train/                |          |
|    entropy_loss       | -119     |
|    explained_variance | -0.41    |
|    learning_rate      | 0.0003   |
|    n_updates          | 22799    |
|    policy_loss        | 217      |
|    std                | 0.998    |
|    value_loss         | 5.54     |
------------------------------------
------------------------------------
| time/                 |          |
|    fps                | 98       |
|    iterations         | 22900    |
|    time_elapsed       | 1168     |
|    total_timesteps    | 114500   |
| train/                |          |
|    entropy_loss       | -119     |
|    explained_variance | 0.0349   |
|    learning_rate      | 0.0003   |
|    n_updates          | 22899    |
|    policy_loss        | -506     |
|    std                | 0.998    |
|    value_loss         | 33.6     |
------------------------------------
------------------------------------
| time/                 |          |
|    fps                | 98       |
|    iterations         | 23000    |
|    time_elapsed       | 1173     |
|    total_timesteps    | 115000   |
| train/                |          |
|    entropy_loss       | -119     |
|    explained_variance | 0.0905   |
|    learning_rate      | 0.0003   |
|    n_updates          | 22999    |
|    policy_loss        | -552     |
|    std                | 0.999    |
|    value_loss         | 28.9     |
------------------------------------
------------------------------------
| time/                 |          |
|    fps                | 97       |
|    iterations         | 23100    |
|    time_elapsed       | 1179     |
|    total_timesteps    | 115500   |
| train/                |          |
|    entropy_loss       | -119     |
|    explained_variance | 1.79e-07 |
|    learning_rate      | 0.0003   |
|    n_updates          | 23099    |
|    policy_loss        | -127     |
|    std                | 0.998    |
|    value_loss         | 3.61     |
------------------------------------
-------------------------------------
| time/                 |           |
|    fps                | 97        |
|    iterations         | 23200     |
|    time_elapsed       | 1183      |
|    total_timesteps    | 116000    |
| train/                |           |
|    entropy_loss       | -119      |
|    explained_variance | 0.333     |
|    learning_rate      | 0.0003    |
|    n_updates          | 23199     |
|    policy_loss        | -1.12e+03 |
|    std                | 0.998     |
|    value_loss         | 91.9      |
-------------------------------------
------------------------------------
| time/                 |          |
|    fps                | 97       |
|    iterations         | 23300    |
|    time_elapsed       | 1190     |
|    total_timesteps    | 116500   |
| train/                |          |
|    entropy_loss       | -119     |
|    explained_variance | 0        |
|    learning_rate      | 0.0003   |
|    n_updates          | 23299    |
|    policy_loss        | 11.7     |
|    std                | 0.998    |
|    value_loss         | 0.814    |
------------------------------------
------------------------------------
| time/                 |          |
|    fps                | 97       |
|    iterations         | 23400    |
|    time_elapsed       | 1196     |
|    total_timesteps    | 117000   |
| train/                |          |
|    entropy_loss       | -119     |
|    explained_variance | 0        |
|    learning_rate      | 0.0003   |
|    n_updates          | 23399    |
|    policy_loss        | -232     |
|    std                | 0.999    |
|    value_loss         | 5.53     |
------------------------------------
------------------------------------
| time/                 |          |
|    fps                | 97       |
|    iterations         | 23500    |
|    time_elapsed       | 1202     |
|    total_timesteps    | 117500   |
| train/                |          |
|    entropy_loss       | -119     |
|    explained_variance | 1.19e-07 |
|    learning_rate      | 0.0003   |
|    n_updates          | 23499    |
|    policy_loss        | 1.16e+03 |
|    std                | 0.999    |
|    value_loss         | 121      |
------------------------------------
------------------------------------
| time/                 |          |
|    fps                | 97       |
|    iterations         | 23600    |
|    time_elapsed       | 1207     |
|    total_timesteps    | 118000   |
| train/                |          |
|    entropy_loss       | -119     |
|    explained_variance | 0.00972  |
|    learning_rate      | 0.0003   |
|    n_updates          | 23599    |
|    policy_loss        | 408      |
|    std                | 0.999    |
|    value_loss         | 53.3     |
------------------------------------
------------------------------------
| time/                 |          |
|    fps                | 97       |
|    iterations         | 23700    |
|    time_elapsed       | 1219     |
|    total_timesteps    | 118500   |
| train/                |          |
|    entropy_loss       | -119     |
|    explained_variance | 1.19e-07 |
|    learning_rate      | 0.0003   |
|    n_updates          | 23699    |
|    policy_loss        | 292      |
|    std                | 1        |
|    value_loss         | 8.01     |
------------------------------------
------------------------------------
| time/                 |          |
|    fps                | 96       |
|    iterations         | 23800    |
|    time_elapsed       | 1227     |
|    total_timesteps    | 119000   |
| train/                |          |
|    entropy_loss       | -119     |
|    explained_variance | 0.0477   |
|    learning_rate      | 0.0003   |
|    n_updates          | 23799    |
|    policy_loss        | 636      |
|    std                | 1        |
|    value_loss         | 54.6     |
------------------------------------
day: 1508, episode: 80
begin_total_asset: 1000000.00
end_total_asset: 2835808.83
total_reward: 1835808.83
total_cost: 6353.86
total_trades: 65677
Sharpe: 0.771
=================================
------------------------------------
| time/                 |          |
|    fps                | 96       |
|    iterations         | 23900    |
|    time_elapsed       | 1234     |
|    total_timesteps    | 119500   |
| train/                |          |
|    entropy_loss       | -119     |
|    explained_variance | -0.0349  |
|    learning_rate      | 0.0003   |
|    n_updates          | 23899    |
|    policy_loss        | 139      |
|    std                | 1        |
|    value_loss         | 3.25     |
------------------------------------
------------------------------------
| time/                 |          |
|    fps                | 96       |
|    iterations         | 24000    |
|    time_elapsed       | 1238     |
|    total_timesteps    | 120000   |
| train/                |          |
|    entropy_loss       | -119     |
|    explained_variance | 0.0112   |
|    learning_rate      | 0.0003   |
|    n_updates          | 23999    |
|    policy_loss        | -115     |
|    std                | 1        |
|    value_loss         | 11.4     |
------------------------------------
------------------------------------
| time/                 |          |
|    fps                | 96       |
|    iterations         | 24100    |
|    time_elapsed       | 1243     |
|    total_timesteps    | 120500   |
| train/                |          |
|    entropy_loss       | -119     |
|    explained_variance | 0.177    |
|    learning_rate      | 0.0003   |
|    n_updates          | 24099    |
|    policy_loss        | -122     |
|    std                | 1        |
|    value_loss         | 13.2     |
------------------------------------
------------------------------------
| time/                 |          |
|    fps                | 96       |
|    iterations         | 24200    |
|    time_elapsed       | 1247     |
|    total_timesteps    | 121000   |
| train/                |          |
|    entropy_loss       | -119     |
|    explained_variance | 0.272    |
|    learning_rate      | 0.0003   |
|    n_updates          | 24199    |
|    policy_loss        | -130     |
|    std                | 0.999    |
|    value_loss         | 3.33     |
------------------------------------
------------------------------------
| time/                 |          |
|    fps                | 97       |
|    iterations         | 24300    |
|    time_elapsed       | 1252     |
|    total_timesteps    | 121500   |
| train/                |          |
|    entropy_loss       | -119     |
|    explained_variance | -0.109   |
|    learning_rate      | 0.0003   |
|    n_updates          | 24299    |
|    policy_loss        | 14.2     |
|    std                | 0.999    |
|    value_loss         | 7.27     |
------------------------------------
------------------------------------
| time/                 |          |
|    fps                | 97       |
|    iterations         | 24400    |
|    time_elapsed       | 1257     |
|    total_timesteps    | 122000   |
| train/                |          |
|    entropy_loss       | -119     |
|    explained_variance | 1.19e-07 |
|    learning_rate      | 0.0003   |
|    n_updates          | 24399    |
|    policy_loss        | 45.9     |
|    std                | 1        |
|    value_loss         | 4.58     |
------------------------------------
------------------------------------
| time/                 |          |
|    fps                | 97       |
|    iterations         | 24500    |
|    time_elapsed       | 1261     |
|    total_timesteps    | 122500   |
| train/                |          |
|    entropy_loss       | -119     |
|    explained_variance | 0.0848   |
|    learning_rate      | 0.0003   |
|    n_updates          | 24499    |
|    policy_loss        | -135     |
|    std                | 0.999    |
|    value_loss         | 2.15     |
------------------------------------
------------------------------------
| time/                 |          |
|    fps                | 97       |
|    iterations         | 24600    |
|    time_elapsed       | 1266     |
|    total_timesteps    | 123000   |
| train/                |          |
|    entropy_loss       | -119     |
|    explained_variance | 0        |
|    learning_rate      | 0.0003   |
|    n_updates          | 24599    |
|    policy_loss        | -703     |
|    std                | 1        |
|    value_loss         | 39.4     |
------------------------------------
------------------------------------
| time/                 |          |
|    fps                | 97       |
|    iterations         | 24700    |
|    time_elapsed       | 1270     |
|    total_timesteps    | 123500   |
| train/                |          |
|    entropy_loss       | -119     |
|    explained_variance | 0        |
|    learning_rate      | 0.0003   |
|    n_updates          | 24699    |
|    policy_loss        | 549      |
|    std                | 0.999    |
|    value_loss         | 28.1     |
------------------------------------
------------------------------------
| time/                 |          |
|    fps                | 97       |
|    iterations         | 24800    |
|    time_elapsed       | 1275     |
|    total_timesteps    | 124000   |
| train/                |          |
|    entropy_loss       | -119     |
|    explained_variance | 0        |
|    learning_rate      | 0.0003   |
|    n_updates          | 24799    |
|    policy_loss        | 301      |
|    std                | 0.998    |
|    value_loss         | 14.7     |
------------------------------------
------------------------------------
| time/                 |          |
|    fps                | 97       |
|    iterations         | 24900    |
|    time_elapsed       | 1279     |
|    total_timesteps    | 124500   |
| train/                |          |
|    entropy_loss       | -119     |
|    explained_variance | 0.0777   |
|    learning_rate      | 0.0003   |
|    n_updates          | 24899    |
|    policy_loss        | -496     |
|    std                | 0.999    |
|    value_loss         | 21.6     |
------------------------------------
------------------------------------
| time/                 |          |
|    fps                | 97       |
|    iterations         | 25000    |
|    time_elapsed       | 1284     |
|    total_timesteps    | 125000   |
| train/                |          |
|    entropy_loss       | -119     |
|    explained_variance | -1.65    |
|    learning_rate      | 0.0003   |
|    n_updates          | 24999    |
|    policy_loss        | -34.8    |
|    std                | 1        |
|    value_loss         | 0.792    |
------------------------------------
------------------------------------
| time/                 |          |
|    fps                | 97       |
|    iterations         | 25100    |
|    time_elapsed       | 1291     |
|    total_timesteps    | 125500   |
| train/                |          |
|    entropy_loss       | -119     |
|    explained_variance | 0        |
|    learning_rate      | 0.0003   |
|    n_updates          | 25099    |
|    policy_loss        | 167      |
|    std                | 1        |
|    value_loss         | 3.68     |
------------------------------------
------------------------------------
| time/                 |          |
|    fps                | 97       |
|    iterations         | 25200    |
|    time_elapsed       | 1298     |
|    total_timesteps    | 126000   |
| train/                |          |
|    entropy_loss       | -119     |
|    explained_variance | 0.297    |
|    learning_rate      | 0.0003   |
|    n_updates          | 25199    |
|    policy_loss        | -281     |
|    std                | 1        |
|    value_loss         | 7.89     |
------------------------------------
------------------------------------
| time/                 |          |
|    fps                | 96       |
|    iterations         | 25300    |
|    time_elapsed       | 1308     |
|    total_timesteps    | 126500   |
| train/                |          |
|    entropy_loss       | -119     |
|    explained_variance | 0        |
|    learning_rate      | 0.0003   |
|    n_updates          | 25299    |
|    policy_loss        | -90.8    |
|    std                | 1        |
|    value_loss         | 3.98     |
------------------------------------
------------------------------------
| time/                 |          |
|    fps                | 96       |
|    iterations         | 25400    |
|    time_elapsed       | 1315     |
|    total_timesteps    | 127000   |
| train/                |          |
|    entropy_loss       | -119     |
|    explained_variance | 0        |
|    learning_rate      | 0.0003   |
|    n_updates          | 25399    |
|    policy_loss        | -297     |
|    std                | 1        |
|    value_loss         | 8.39     |
------------------------------------
------------------------------------
| time/                 |          |
|    fps                | 96       |
|    iterations         | 25500    |
|    time_elapsed       | 1319     |
|    total_timesteps    | 127500   |
| train/                |          |
|    entropy_loss       | -119     |
|    explained_variance | 1.19e-07 |
|    learning_rate      | 0.0003   |
|    n_updates          | 25499    |
|    policy_loss        | -215     |
|    std                | 1        |
|    value_loss         | 5.81     |
------------------------------------
-------------------------------------
| time/                 |           |
|    fps                | 96        |
|    iterations         | 25600     |
|    time_elapsed       | 1325      |
|    total_timesteps    | 128000    |
| train/                |           |
|    entropy_loss       | -119      |
|    explained_variance | 0         |
|    learning_rate      | 0.0003    |
|    n_updates          | 25599     |
|    policy_loss        | -1.37e+03 |
|    std                | 1         |
|    value_loss         | 167       |
-------------------------------------
------------------------------------
| time/                 |          |
|    fps                | 96       |
|    iterations         | 25700    |
|    time_elapsed       | 1333     |
|    total_timesteps    | 128500   |
| train/                |          |
|    entropy_loss       | -119     |
|    explained_variance | 0        |
|    learning_rate      | 0.0003   |
|    n_updates          | 25699    |
|    policy_loss        | 574      |
|    std                | 1        |
|    value_loss         | 43.1     |
------------------------------------
------------------------------------
| time/                 |          |
|    fps                | 96       |
|    iterations         | 25800    |
|    time_elapsed       | 1340     |
|    total_timesteps    | 129000   |
| train/                |          |
|    entropy_loss       | -119     |
|    explained_variance | 4.77e-07 |
|    learning_rate      | 0.0003   |
|    n_updates          | 25799    |
|    policy_loss        | 6.84     |
|    std                | 1        |
|    value_loss         | 5.79     |
------------------------------------
------------------------------------
| time/                 |          |
|    fps                | 96       |
|    iterations         | 25900    |
|    time_elapsed       | 1346     |
|    total_timesteps    | 129500   |
| train/                |          |
|    entropy_loss       | -119     |
|    explained_variance | 0.202    |
|    learning_rate      | 0.0003   |
|    n_updates          | 25899    |
|    policy_loss        | 557      |
|    std                | 1        |
|    value_loss         | 24.5     |
------------------------------------
------------------------------------
| time/                 |          |
|    fps                | 96       |
|    iterations         | 26000    |
|    time_elapsed       | 1351     |
|    total_timesteps    | 130000   |
| train/                |          |
|    entropy_loss       | -119     |
|    explained_variance | -1.88    |
|    learning_rate      | 0.0003   |
|    n_updates          | 25999    |
|    policy_loss        | 167      |
|    std                | 1        |
|    value_loss         | 2.07     |
------------------------------------
------------------------------------
| time/                 |          |
|    fps                | 96       |
|    iterations         | 26100    |
|    time_elapsed       | 1356     |
|    total_timesteps    | 130500   |
| train/                |          |
|    entropy_loss       | -119     |
|    explained_variance | 1.19e-07 |
|    learning_rate      | 0.0003   |
|    n_updates          | 26099    |
|    policy_loss        | 139      |
|    std                | 1        |
|    value_loss         | 3.75     |
------------------------------------
-------------------------------------
| time/                 |           |
|    fps                | 96        |
|    iterations         | 26200     |
|    time_elapsed       | 1364      |
|    total_timesteps    | 131000    |
| train/                |           |
|    entropy_loss       | -119      |
|    explained_variance | -1.19e-07 |
|    learning_rate      | 0.0003    |
|    n_updates          | 26199     |
|    policy_loss        | -294      |
|    std                | 1         |
|    value_loss         | 7.84      |
-------------------------------------
------------------------------------
| time/                 |          |
|    fps                | 95       |
|    iterations         | 26300    |
|    time_elapsed       | 1371     |
|    total_timesteps    | 131500   |
| train/                |          |
|    entropy_loss       | -119     |
|    explained_variance | 0        |
|    learning_rate      | 0.0003   |
|    n_updates          | 26299    |
|    policy_loss        | 118      |
|    std                | 1        |
|    value_loss         | 1.77     |
------------------------------------
------------------------------------
| time/                 |          |
|    fps                | 95       |
|    iterations         | 26400    |
|    time_elapsed       | 1380     |
|    total_timesteps    | 132000   |
| train/                |          |
|    entropy_loss       | -119     |
|    explained_variance | 0        |
|    learning_rate      | 0.0003   |
|    n_updates          | 26399    |
|    policy_loss        | -349     |
|    std                | 1        |
|    value_loss         | 9.56     |
------------------------------------
------------------------------------
| time/                 |          |
|    fps                | 95       |
|    iterations         | 26500    |
|    time_elapsed       | 1391     |
|    total_timesteps    | 132500   |
| train/                |          |
|    entropy_loss       | -119     |
|    explained_variance | 5.96e-08 |
|    learning_rate      | 0.0003   |
|    n_updates          | 26499    |
|    policy_loss        | -64.8    |
|    std                | 1        |
|    value_loss         | 1.14     |
------------------------------------
------------------------------------
| time/                 |          |
|    fps                | 95       |
|    iterations         | 26600    |
|    time_elapsed       | 1398     |
|    total_timesteps    | 133000   |
| train/                |          |
|    entropy_loss       | -119     |
|    explained_variance | 0        |
|    learning_rate      | 0.0003   |
|    n_updates          | 26599    |
|    policy_loss        | 30.3     |
|    std                | 1        |
|    value_loss         | 0.582    |
------------------------------------
------------------------------------
| time/                 |          |
|    fps                | 94       |
|    iterations         | 26700    |
|    time_elapsed       | 1408     |
|    total_timesteps    | 133500   |
| train/                |          |
|    entropy_loss       | -119     |
|    explained_variance | 0        |
|    learning_rate      | 0.0003   |
|    n_updates          | 26699    |
|    policy_loss        | 308      |
|    std                | 1        |
|    value_loss         | 8.82     |
------------------------------------
-------------------------------------
| time/                 |           |
|    fps                | 94        |
|    iterations         | 26800     |
|    time_elapsed       | 1414      |
|    total_timesteps    | 134000    |
| train/                |           |
|    entropy_loss       | -119      |
|    explained_variance | -1.19e-07 |
|    learning_rate      | 0.0003    |
|    n_updates          | 26799     |
|    policy_loss        | 73.3      |
|    std                | 1         |
|    value_loss         | 4.43      |
-------------------------------------
day: 1508, episode: 90
begin_total_asset: 1000000.00
end_total_asset: 2867377.41
total_reward: 1867377.41
total_cost: 4671.04
total_trades: 66815
Sharpe: 0.837
=================================
------------------------------------
| time/                 |          |
|    fps                | 94       |
|    iterations         | 26900    |
|    time_elapsed       | 1425     |
|    total_timesteps    | 134500   |
| train/                |          |
|    entropy_loss       | -119     |
|    explained_variance | 0.0687   |
|    learning_rate      | 0.0003   |
|    n_updates          | 26899    |
|    policy_loss        | -517     |
|    std                | 1        |
|    value_loss         | 21.2     |
------------------------------------
------------------------------------
| time/                 |          |
|    fps                | 94       |
|    iterations         | 27000    |
|    time_elapsed       | 1432     |
|    total_timesteps    | 135000   |
| train/                |          |
|    entropy_loss       | -119     |
|    explained_variance | 0.319    |
|    learning_rate      | 0.0003   |
|    n_updates          | 26999    |
|    policy_loss        | 606      |
|    std                | 1        |
|    value_loss         | 29.7     |
------------------------------------
------------------------------------
| time/                 |          |
|    fps                | 94       |
|    iterations         | 27100    |
|    time_elapsed       | 1440     |
|    total_timesteps    | 135500   |
| train/                |          |
|    entropy_loss       | -119     |
|    explained_variance | 5.96e-08 |
|    learning_rate      | 0.0003   |
|    n_updates          | 27099    |
|    policy_loss        | -98.4    |
|    std                | 1        |
|    value_loss         | 7.03     |
------------------------------------
------------------------------------
| time/                 |          |
|    fps                | 94       |
|    iterations         | 27200    |
|    time_elapsed       | 1444     |
|    total_timesteps    | 136000   |
| train/                |          |
|    entropy_loss       | -119     |
|    explained_variance | 0.0487   |
|    learning_rate      | 0.0003   |
|    n_updates          | 27199    |
|    policy_loss        | 52.9     |
|    std                | 1        |
|    value_loss         | 2.48     |
------------------------------------
------------------------------------
| time/                 |          |
|    fps                | 94       |
|    iterations         | 27300    |
|    time_elapsed       | 1449     |
|    total_timesteps    | 136500   |
| train/                |          |
|    entropy_loss       | -119     |
|    explained_variance | 0        |
|    learning_rate      | 0.0003   |
|    n_updates          | 27299    |
|    policy_loss        | -115     |
|    std                | 1        |
|    value_loss         | 1.31     |
------------------------------------
------------------------------------
| time/                 |          |
|    fps                | 94       |
|    iterations         | 27400    |
|    time_elapsed       | 1454     |
|    total_timesteps    | 137000   |
| train/                |          |
|    entropy_loss       | -119     |
|    explained_variance | 0        |
|    learning_rate      | 0.0003   |
|    n_updates          | 27399    |
|    policy_loss        | -348     |
|    std                | 0.999    |
|    value_loss         | 9.98     |
------------------------------------
------------------------------------
| time/                 |          |
|    fps                | 93       |
|    iterations         | 27500    |
|    time_elapsed       | 1463     |
|    total_timesteps    | 137500   |
| train/                |          |
|    entropy_loss       | -119     |
|    explained_variance | 0        |
|    learning_rate      | 0.0003   |
|    n_updates          | 27499    |
|    policy_loss        | -32.2    |
|    std                | 0.999    |
|    value_loss         | 0.988    |
------------------------------------
------------------------------------
| time/                 |          |
|    fps                | 93       |
|    iterations         | 27600    |
|    time_elapsed       | 1470     |
|    total_timesteps    | 138000   |
| train/                |          |
|    entropy_loss       | -119     |
|    explained_variance | 0.0211   |
|    learning_rate      | 0.0003   |
|    n_updates          | 27599    |
|    policy_loss        | 5.72     |
|    std                | 0.999    |
|    value_loss         | 3.73     |
------------------------------------
------------------------------------
| time/                 |          |
|    fps                | 93       |
|    iterations         | 27700    |
|    time_elapsed       | 1477     |
|    total_timesteps    | 138500   |
| train/                |          |
|    entropy_loss       | -119     |
|    explained_variance | 0.196    |
|    learning_rate      | 0.0003   |
|    n_updates          | 27699    |
|    policy_loss        | 477      |
|    std                | 0.999    |
|    value_loss         | 26.7     |
------------------------------------
------------------------------------
| time/                 |          |
|    fps                | 93       |
|    iterations         | 27800    |
|    time_elapsed       | 1484     |
|    total_timesteps    | 139000   |
| train/                |          |
|    entropy_loss       | -119     |
|    explained_variance | 0.346    |
|    learning_rate      | 0.0003   |
|    n_updates          | 27799    |
|    policy_loss        | -394     |
|    std                | 0.999    |
|    value_loss         | 10.8     |
------------------------------------
------------------------------------
| time/                 |          |
|    fps                | 93       |
|    iterations         | 27900    |
|    time_elapsed       | 1489     |
|    total_timesteps    | 139500   |
| train/                |          |
|    entropy_loss       | -119     |
|    explained_variance | 0.0714   |
|    learning_rate      | 0.0003   |
|    n_updates          | 27899    |
|    policy_loss        | -329     |
|    std                | 0.999    |
|    value_loss         | 77.6     |
------------------------------------
------------------------------------
| time/                 |          |
|    fps                | 93       |
|    iterations         | 28000    |
|    time_elapsed       | 1498     |
|    total_timesteps    | 140000   |
| train/                |          |
|    entropy_loss       | -119     |
|    explained_variance | 0.134    |
|    learning_rate      | 0.0003   |
|    n_updates          | 27999    |
|    policy_loss        | -234     |
|    std                | 0.999    |
|    value_loss         | 9.98     |
------------------------------------
------------------------------------
| time/                 |          |
|    fps                | 93       |
|    iterations         | 28100    |
|    time_elapsed       | 1506     |
|    total_timesteps    | 140500   |
| train/                |          |
|    entropy_loss       | -119     |
|    explained_variance | 0.107    |
|    learning_rate      | 0.0003   |
|    n_updates          | 28099    |
|    policy_loss        | -244     |
|    std                | 0.999    |
|    value_loss         | 4.4      |
------------------------------------
-------------------------------------
| time/                 |           |
|    fps                | 93        |
|    iterations         | 28200     |
|    time_elapsed       | 1511      |
|    total_timesteps    | 141000    |
| train/                |           |
|    entropy_loss       | -119      |
|    explained_variance | -1.19e-07 |
|    learning_rate      | 0.0003    |
|    n_updates          | 28199     |
|    policy_loss        | -121      |
|    std                | 0.999     |
|    value_loss         | 1.53      |
-------------------------------------
------------------------------------
| time/                 |          |
|    fps                | 93       |
|    iterations         | 28300    |
|    time_elapsed       | 1516     |
|    total_timesteps    | 141500   |
| train/                |          |
|    entropy_loss       | -119     |
|    explained_variance | 1.19e-07 |
|    learning_rate      | 0.0003   |
|    n_updates          | 28299    |
|    policy_loss        | -141     |
|    std                | 0.999    |
|    value_loss         | 5.1      |
------------------------------------
------------------------------------
| time/                 |          |
|    fps                | 93       |
|    iterations         | 28400    |
|    time_elapsed       | 1520     |
|    total_timesteps    | 142000   |
| train/                |          |
|    entropy_loss       | -119     |
|    explained_variance | 1.19e-07 |
|    learning_rate      | 0.0003   |
|    n_updates          | 28399    |
|    policy_loss        | 214      |
|    std                | 0.999    |
|    value_loss         | 6.81     |
------------------------------------
------------------------------------
| time/                 |          |
|    fps                | 93       |
|    iterations         | 28500    |
|    time_elapsed       | 1527     |
|    total_timesteps    | 142500   |
| train/                |          |
|    entropy_loss       | -119     |
|    explained_variance | 0.339    |
|    learning_rate      | 0.0003   |
|    n_updates          | 28499    |
|    policy_loss        | 124      |
|    std                | 0.998    |
|    value_loss         | 2.53     |
------------------------------------
------------------------------------
| time/                 |          |
|    fps                | 93       |
|    iterations         | 28600    |
|    time_elapsed       | 1534     |
|    total_timesteps    | 143000   |
| train/                |          |
|    entropy_loss       | -119     |
|    explained_variance | 0        |
|    learning_rate      | 0.0003   |
|    n_updates          | 28599    |
|    policy_loss        | 413      |
|    std                | 0.999    |
|    value_loss         | 12.3     |
------------------------------------
------------------------------------
| time/                 |          |
|    fps                | 93       |
|    iterations         | 28700    |
|    time_elapsed       | 1539     |
|    total_timesteps    | 143500   |
| train/                |          |
|    entropy_loss       | -119     |
|    explained_variance | 3.93e-05 |
|    learning_rate      | 0.0003   |
|    n_updates          | 28699    |
|    policy_loss        | -23.9    |
|    std                | 0.999    |
|    value_loss         | 0.806    |
------------------------------------
-------------------------------------
| time/                 |           |
|    fps                | 93        |
|    iterations         | 28800     |
|    time_elapsed       | 1544      |
|    total_timesteps    | 144000    |
| train/                |           |
|    entropy_loss       | -119      |
|    explained_variance | -1.19e-07 |
|    learning_rate      | 0.0003    |
|    n_updates          | 28799     |
|    policy_loss        | 300       |
|    std                | 0.999     |
|    value_loss         | 10.6      |
-------------------------------------
------------------------------------
| time/                 |          |
|    fps                | 93       |
|    iterations         | 28900    |
|    time_elapsed       | 1550     |
|    total_timesteps    | 144500   |
| train/                |          |
|    entropy_loss       | -119     |
|    explained_variance | 0.126    |
|    learning_rate      | 0.0003   |
|    n_updates          | 28899    |
|    policy_loss        | 467      |
|    std                | 1        |
|    value_loss         | 23.8     |
------------------------------------
------------------------------------
| time/                 |          |
|    fps                | 93       |
|    iterations         | 29000    |
|    time_elapsed       | 1556     |
|    total_timesteps    | 145000   |
| train/                |          |
|    entropy_loss       | -119     |
|    explained_variance | 0        |
|    learning_rate      | 0.0003   |
|    n_updates          | 28999    |
|    policy_loss        | 75.6     |
|    std                | 1        |
|    value_loss         | 0.582    |
------------------------------------
------------------------------------
| time/                 |          |
|    fps                | 93       |
|    iterations         | 29100    |
|    time_elapsed       | 1563     |
|    total_timesteps    | 145500   |
| train/                |          |
|    entropy_loss       | -119     |
|    explained_variance | 0        |
|    learning_rate      | 0.0003   |
|    n_updates          | 29099    |
|    policy_loss        | 158      |
|    std                | 1        |
|    value_loss         | 1.87     |
------------------------------------
------------------------------------
| time/                 |          |
|    fps                | 93       |
|    iterations         | 29200    |
|    time_elapsed       | 1567     |
|    total_timesteps    | 146000   |
| train/                |          |
|    entropy_loss       | -119     |
|    explained_variance | 0.348    |
|    learning_rate      | 0.0003   |
|    n_updates          | 29199    |
|    policy_loss        | -764     |
|    std                | 1        |
|    value_loss         | 44.1     |
------------------------------------
------------------------------------
| time/                 |          |
|    fps                | 93       |
|    iterations         | 29300    |
|    time_elapsed       | 1572     |
|    total_timesteps    | 146500   |
| train/                |          |
|    entropy_loss       | -119     |
|    explained_variance | 0.222    |
|    learning_rate      | 0.0003   |
|    n_updates          | 29299    |
|    policy_loss        | 210      |
|    std                | 1        |
|    value_loss         | 3.49     |
------------------------------------
------------------------------------
| time/                 |          |
|    fps                | 93       |
|    iterations         | 29400    |
|    time_elapsed       | 1579     |
|    total_timesteps    | 147000   |
| train/                |          |
|    entropy_loss       | -119     |
|    explained_variance | 0        |
|    learning_rate      | 0.0003   |
|    n_updates          | 29399    |
|    policy_loss        | 248      |
|    std                | 1        |
|    value_loss         | 5.38     |
------------------------------------
------------------------------------
| time/                 |          |
|    fps                | 93       |
|    iterations         | 29500    |
|    time_elapsed       | 1585     |
|    total_timesteps    | 147500   |
| train/                |          |
|    entropy_loss       | -119     |
|    explained_variance | 0.19     |
|    learning_rate      | 0.0003   |
|    n_updates          | 29499    |
|    policy_loss        | 47.8     |
|    std                | 1        |
|    value_loss         | 0.547    |
------------------------------------
------------------------------------
| time/                 |          |
|    fps                | 92       |
|    iterations         | 29600    |
|    time_elapsed       | 1592     |
|    total_timesteps    | 148000   |
| train/                |          |
|    entropy_loss       | -119     |
|    explained_variance | 0        |
|    learning_rate      | 0.0003   |
|    n_updates          | 29599    |
|    policy_loss        | -359     |
|    std                | 1        |
|    value_loss         | 14.9     |
------------------------------------
------------------------------------
| time/                 |          |
|    fps                | 92       |
|    iterations         | 29700    |
|    time_elapsed       | 1598     |
|    total_timesteps    | 148500   |
| train/                |          |
|    entropy_loss       | -119     |
|    explained_variance | 0.214    |
|    learning_rate      | 0.0003   |
|    n_updates          | 29699    |
|    policy_loss        | 56.2     |
|    std                | 1        |
|    value_loss         | 3        |
------------------------------------
------------------------------------
| time/                 |          |
|    fps                | 92       |
|    iterations         | 29800    |
|    time_elapsed       | 1606     |
|    total_timesteps    | 149000   |
| train/                |          |
|    entropy_loss       | -119     |
|    explained_variance | 0        |
|    learning_rate      | 0.0003   |
|    n_updates          | 29799    |
|    policy_loss        | 339      |
|    std                | 1        |
|    value_loss         | 16.3     |
------------------------------------
day: 1508, episode: 100
begin_total_asset: 1000000.00
end_total_asset: 3272622.78
total_reward: 2272622.78
total_cost: 10678.31
total_trades: 69170
Sharpe: 0.906
=================================
------------------------------------
| time/                 |          |
|    fps                | 92       |
|    iterations         | 29900    |
|    time_elapsed       | 1615     |
|    total_timesteps    | 149500   |
| train/                |          |
|    entropy_loss       | -119     |
|    explained_variance | 0        |
|    learning_rate      | 0.0003   |
|    n_updates          | 29899    |
|    policy_loss        | -532     |
|    std                | 1        |
|    value_loss         | 20.8     |
------------------------------------
-------------------------------------
| time/                 |           |
|    fps                | 92        |
|    iterations         | 30000     |
|    time_elapsed       | 1619      |
|    total_timesteps    | 150000    |
| train/                |           |
|    entropy_loss       | -119      |
|    explained_variance | 0         |
|    learning_rate      | 0.0003    |
|    n_updates          | 29999     |
|    policy_loss        | -1.49e+03 |
|    std                | 1         |
|    value_loss         | 169       |
-------------------------------------
------------------------------------
| time/                 |          |
|    fps                | 92       |
|    iterations         | 30100    |
|    time_elapsed       | 1624     |
|    total_timesteps    | 150500   |
| train/                |          |
|    entropy_loss       | -119     |
|    explained_variance | 0        |
|    learning_rate      | 0.0003   |
|    n_updates          | 30099    |
|    policy_loss        | 605      |
|    std                | 1        |
|    value_loss         | 33.3     |
------------------------------------
-------------------------------------
| time/                 |           |
|    fps                | 92        |
|    iterations         | 30200     |
|    time_elapsed       | 1631      |
|    total_timesteps    | 151000    |
| train/                |           |
|    entropy_loss       | -119      |
|    explained_variance | -1.19e-07 |
|    learning_rate      | 0.0003    |
|    n_updates          | 30199     |
|    policy_loss        | -125      |
|    std                | 1         |
|    value_loss         | 1.94      |
-------------------------------------
------------------------------------
| time/                 |          |
|    fps                | 92       |
|    iterations         | 30300    |
|    time_elapsed       | 1640     |
|    total_timesteps    | 151500   |
| train/                |          |
|    entropy_loss       | -119     |
|    explained_variance | -0.212   |
|    learning_rate      | 0.0003   |
|    n_updates          | 30299    |
|    policy_loss        | 246      |
|    std                | 1        |
|    value_loss         | 5.53     |
------------------------------------
-------------------------------------
| time/                 |           |
|    fps                | 92        |
|    iterations         | 30400     |
|    time_elapsed       | 1646      |
|    total_timesteps    | 152000    |
| train/                |           |
|    entropy_loss       | -119      |
|    explained_variance | -1.19e-07 |
|    learning_rate      | 0.0003    |
|    n_updates          | 30399     |
|    policy_loss        | -16.1     |
|    std                | 1         |
|    value_loss         | 1.92      |
-------------------------------------
------------------------------------
| time/                 |          |
|    fps                | 91       |
|    iterations         | 30500    |
|    time_elapsed       | 1660     |
|    total_timesteps    | 152500   |
| train/                |          |
|    entropy_loss       | -119     |
|    explained_variance | 0        |
|    learning_rate      | 0.0003   |
|    n_updates          | 30499    |
|    policy_loss        | 379      |
|    std                | 1        |
|    value_loss         | 26.8     |
------------------------------------
------------------------------------
| time/                 |          |
|    fps                | 91       |
|    iterations         | 30600    |
|    time_elapsed       | 1668     |
|    total_timesteps    | 153000   |
| train/                |          |
|    entropy_loss       | -119     |
|    explained_variance | 0.00824  |
|    learning_rate      | 0.0003   |
|    n_updates          | 30599    |
|    policy_loss        | 24.2     |
|    std                | 1        |
|    value_loss         | 2.44     |
------------------------------------
------------------------------------
| time/                 |          |
|    fps                | 91       |
|    iterations         | 30700    |
|    time_elapsed       | 1673     |
|    total_timesteps    | 153500   |
| train/                |          |
|    entropy_loss       | -119     |
|    explained_variance | 0.0278   |
|    learning_rate      | 0.0003   |
|    n_updates          | 30699    |
|    policy_loss        | 213      |
|    std                | 1        |
|    value_loss         | 7.5      |
------------------------------------
-------------------------------------
| time/                 |           |
|    fps                | 91        |
|    iterations         | 30800     |
|    time_elapsed       | 1679      |
|    total_timesteps    | 154000    |
| train/                |           |
|    entropy_loss       | -119      |
|    explained_variance | -1.19e-07 |
|    learning_rate      | 0.0003    |
|    n_updates          | 30799     |
|    policy_loss        | -49.5     |
|    std                | 1         |
|    value_loss         | 1.16      |
-------------------------------------
------------------------------------
| time/                 |          |
|    fps                | 91       |
|    iterations         | 30900    |
|    time_elapsed       | 1684     |
|    total_timesteps    | 154500   |
| train/                |          |
|    entropy_loss       | -119     |
|    explained_variance | 0.0521   |
|    learning_rate      | 0.0003   |
|    n_updates          | 30899    |
|    policy_loss        | -227     |
|    std                | 1        |
|    value_loss         | 9.95     |
------------------------------------
------------------------------------
| time/                 |          |
|    fps                | 91       |
|    iterations         | 31000    |
|    time_elapsed       | 1693     |
|    total_timesteps    | 155000   |
| train/                |          |
|    entropy_loss       | -119     |
|    explained_variance | 0        |
|    learning_rate      | 0.0003   |
|    n_updates          | 30999    |
|    policy_loss        | -66.2    |
|    std                | 1        |
|    value_loss         | 2.75     |
------------------------------------
------------------------------------
| time/                 |          |
|    fps                | 91       |
|    iterations         | 31100    |
|    time_elapsed       | 1699     |
|    total_timesteps    | 155500   |
| train/                |          |
|    entropy_loss       | -119     |
|    explained_variance | 0.392    |
|    learning_rate      | 0.0003   |
|    n_updates          | 31099    |
|    policy_loss        | 445      |
|    std                | 1        |
|    value_loss         | 16.2     |
------------------------------------
------------------------------------
| time/                 |          |
|    fps                | 91       |
|    iterations         | 31200    |
|    time_elapsed       | 1704     |
|    total_timesteps    | 156000   |
| train/                |          |
|    entropy_loss       | -119     |
|    explained_variance | 0.104    |
|    learning_rate      | 0.0003   |
|    n_updates          | 31199    |
|    policy_loss        | 165      |
|    std                | 1        |
|    value_loss         | 7.73     |
------------------------------------
-------------------------------------
| time/                 |           |
|    fps                | 91        |
|    iterations         | 31300     |
|    time_elapsed       | 1709      |
|    total_timesteps    | 156500    |
| train/                |           |
|    entropy_loss       | -119      |
|    explained_variance | -4.35e-05 |
|    learning_rate      | 0.0003    |
|    n_updates          | 31299     |
|    policy_loss        | 265       |
|    std                | 1         |
|    value_loss         | 9.65      |
-------------------------------------
------------------------------------
| time/                 |          |
|    fps                | 91       |
|    iterations         | 31400    |
|    time_elapsed       | 1715     |
|    total_timesteps    | 157000   |
| train/                |          |
|    entropy_loss       | -119     |
|    explained_variance | 0.632    |
|    learning_rate      | 0.0003   |
|    n_updates          | 31399    |
|    policy_loss        | 125      |
|    std                | 1        |
|    value_loss         | 1.22     |
------------------------------------
------------------------------------
| time/                 |          |
|    fps                | 91       |
|    iterations         | 31500    |
|    time_elapsed       | 1722     |
|    total_timesteps    | 157500   |
| train/                |          |
|    entropy_loss       | -119     |
|    explained_variance | 0.0439   |
|    learning_rate      | 0.0003   |
|    n_updates          | 31499    |
|    policy_loss        | 180      |
|    std                | 1        |
|    value_loss         | 4.44     |
------------------------------------
------------------------------------
| time/                 |          |
|    fps                | 91       |
|    iterations         | 31600    |
|    time_elapsed       | 1727     |
|    total_timesteps    | 158000   |
| train/                |          |
|    entropy_loss       | -119     |
|    explained_variance | 1.19e-07 |
|    learning_rate      | 0.0003   |
|    n_updates          | 31599    |
|    policy_loss        | 162      |
|    std                | 1        |
|    value_loss         | 4.34     |
------------------------------------
------------------------------------
| time/                 |          |
|    fps                | 91       |
|    iterations         | 31700    |
|    time_elapsed       | 1732     |
|    total_timesteps    | 158500   |
| train/                |          |
|    entropy_loss       | -119     |
|    explained_variance | -0.639   |
|    learning_rate      | 0.0003   |
|    n_updates          | 31699    |
|    policy_loss        | -146     |
|    std                | 1        |
|    value_loss         | 1.64     |
------------------------------------
------------------------------------
| time/                 |          |
|    fps                | 91       |
|    iterations         | 31800    |
|    time_elapsed       | 1740     |
|    total_timesteps    | 159000   |
| train/                |          |
|    entropy_loss       | -119     |
|    explained_variance | 0.4      |
|    learning_rate      | 0.0003   |
|    n_updates          | 31799    |
|    policy_loss        | -122     |
|    std                | 1        |
|    value_loss         | 3.45     |
------------------------------------
-------------------------------------
| time/                 |           |
|    fps                | 91        |
|    iterations         | 31900     |
|    time_elapsed       | 1746      |
|    total_timesteps    | 159500    |
| train/                |           |
|    entropy_loss       | -119      |
|    explained_variance | -1.19e-07 |
|    learning_rate      | 0.0003    |
|    n_updates          | 31899     |
|    policy_loss        | -501      |
|    std                | 1         |
|    value_loss         | 32        |
-------------------------------------
------------------------------------
| time/                 |          |
|    fps                | 91       |
|    iterations         | 32000    |
|    time_elapsed       | 1754     |
|    total_timesteps    | 160000   |
| train/                |          |
|    entropy_loss       | -119     |
|    explained_variance | -0.0454  |
|    learning_rate      | 0.0003   |
|    n_updates          | 31999    |
|    policy_loss        | 343      |
|    std                | 1        |
|    value_loss         | 8.86     |
------------------------------------
-------------------------------------
| time/                 |           |
|    fps                | 91        |
|    iterations         | 32100     |
|    time_elapsed       | 1760      |
|    total_timesteps    | 160500    |
| train/                |           |
|    entropy_loss       | -119      |
|    explained_variance | -1.19e-07 |
|    learning_rate      | 0.0003    |
|    n_updates          | 32099     |
|    policy_loss        | -576      |
|    std                | 1         |
|    value_loss         | 25.7      |
-------------------------------------
------------------------------------
| time/                 |          |
|    fps                | 91       |
|    iterations         | 32200    |
|    time_elapsed       | 1766     |
|    total_timesteps    | 161000   |
| train/                |          |
|    entropy_loss       | -119     |
|    explained_variance | 0        |
|    learning_rate      | 0.0003   |
|    n_updates          | 32199    |
|    policy_loss        | 330      |
|    std                | 1        |
|    value_loss         | 9.95     |
------------------------------------
------------------------------------
| time/                 |          |
|    fps                | 91       |
|    iterations         | 32300    |
|    time_elapsed       | 1772     |
|    total_timesteps    | 161500   |
| train/                |          |
|    entropy_loss       | -119     |
|    explained_variance | 0        |
|    learning_rate      | 0.0003   |
|    n_updates          | 32299    |
|    policy_loss        | -65.2    |
|    std                | 1        |
|    value_loss         | 0.463    |
------------------------------------
------------------------------------
| time/                 |          |
|    fps                | 91       |
|    iterations         | 32400    |
|    time_elapsed       | 1777     |
|    total_timesteps    | 162000   |
| train/                |          |
|    entropy_loss       | -119     |
|    explained_variance | 0        |
|    learning_rate      | 0.0003   |
|    n_updates          | 32399    |
|    policy_loss        | 509      |
|    std                | 1        |
|    value_loss         | 21.2     |
------------------------------------
------------------------------------
| time/                 |          |
|    fps                | 91       |
|    iterations         | 32500    |
|    time_elapsed       | 1783     |
|    total_timesteps    | 162500   |
| train/                |          |
|    entropy_loss       | -119     |
|    explained_variance | 1.19e-07 |
|    learning_rate      | 0.0003   |
|    n_updates          | 32499    |
|    policy_loss        | 394      |
|    std                | 1        |
|    value_loss         | 12.9     |
------------------------------------
------------------------------------
| time/                 |          |
|    fps                | 91       |
|    iterations         | 32600    |
|    time_elapsed       | 1789     |
|    total_timesteps    | 163000   |
| train/                |          |
|    entropy_loss       | -119     |
|    explained_variance | 0        |
|    learning_rate      | 0.0003   |
|    n_updates          | 32599    |
|    policy_loss        | -78.3    |
|    std                | 1        |
|    value_loss         | 1.04     |
------------------------------------
-------------------------------------
| time/                 |           |
|    fps                | 91        |
|    iterations         | 32700     |
|    time_elapsed       | 1794      |
|    total_timesteps    | 163500    |
| train/                |           |
|    entropy_loss       | -119      |
|    explained_variance | -1.19e-07 |
|    learning_rate      | 0.0003    |
|    n_updates          | 32699     |
|    policy_loss        | -348      |
|    std                | 1         |
|    value_loss         | 16.4      |
-------------------------------------
------------------------------------
| time/                 |          |
|    fps                | 91       |
|    iterations         | 32800    |
|    time_elapsed       | 1801     |
|    total_timesteps    | 164000   |
| train/                |          |
|    entropy_loss       | -119     |
|    explained_variance | 0        |
|    learning_rate      | 0.0003   |
|    n_updates          | 32799    |
|    policy_loss        | 548      |
|    std                | 1        |
|    value_loss         | 22.1     |
------------------------------------
day: 1508, episode: 110
begin_total_asset: 1000000.00
end_total_asset: 3297028.22
total_reward: 2297028.22
total_cost: 8521.25
total_trades: 73646
Sharpe: 0.843
=================================
------------------------------------
| time/                 |          |
|    fps                | 91       |
|    iterations         | 32900    |
|    time_elapsed       | 1807     |
|    total_timesteps    | 164500   |
| train/                |          |
|    entropy_loss       | -119     |
|    explained_variance | -58.1    |
|    learning_rate      | 0.0003   |
|    n_updates          | 32899    |
|    policy_loss        | 584      |
|    std                | 1        |
|    value_loss         | 28.5     |
------------------------------------
------------------------------------
| time/                 |          |
|    fps                | 91       |
|    iterations         | 33000    |
|    time_elapsed       | 1811     |
|    total_timesteps    | 165000   |
| train/                |          |
|    entropy_loss       | -119     |
|    explained_variance | 0        |
|    learning_rate      | 0.0003   |
|    n_updates          | 32999    |
|    policy_loss        | -471     |
|    std                | 1        |
|    value_loss         | 24.9     |
------------------------------------
------------------------------------
| time/                 |          |
|    fps                | 91       |
|    iterations         | 33100    |
|    time_elapsed       | 1816     |
|    total_timesteps    | 165500   |
| train/                |          |
|    entropy_loss       | -119     |
|    explained_variance | 0        |
|    learning_rate      | 0.0003   |
|    n_updates          | 33099    |
|    policy_loss        | 1.3e+03  |
|    std                | 1        |
|    value_loss         | 117      |
------------------------------------
------------------------------------
| time/                 |          |
|    fps                | 91       |
|    iterations         | 33200    |
|    time_elapsed       | 1822     |
|    total_timesteps    | 166000   |
| train/                |          |
|    entropy_loss       | -119     |
|    explained_variance | -0.0917  |
|    learning_rate      | 0.0003   |
|    n_updates          | 33199    |
|    policy_loss        | -11.7    |
|    std                | 0.999    |
|    value_loss         | 0.112    |
------------------------------------
------------------------------------
| time/                 |          |
|    fps                | 91       |
|    iterations         | 33300    |
|    time_elapsed       | 1828     |
|    total_timesteps    | 166500   |
| train/                |          |
|    entropy_loss       | -119     |
|    explained_variance | 0        |
|    learning_rate      | 0.0003   |
|    n_updates          | 33299    |
|    policy_loss        | -539     |
|    std                | 0.999    |
|    value_loss         | 25.8     |
------------------------------------
------------------------------------
| time/                 |          |
|    fps                | 91       |
|    iterations         | 33400    |
|    time_elapsed       | 1833     |
|    total_timesteps    | 167000   |
| train/                |          |
|    entropy_loss       | -119     |
|    explained_variance | 0        |
|    learning_rate      | 0.0003   |
|    n_updates          | 33399    |
|    policy_loss        | -186     |
|    std                | 0.999    |
|    value_loss         | 3.9      |
------------------------------------
-------------------------------------
| time/                 |           |
|    fps                | 91        |
|    iterations         | 33500     |
|    time_elapsed       | 1839      |
|    total_timesteps    | 167500    |
| train/                |           |
|    entropy_loss       | -119      |
|    explained_variance | -1.19e-07 |
|    learning_rate      | 0.0003    |
|    n_updates          | 33499     |
|    policy_loss        | -2.08e+03 |
|    std                | 0.999     |
|    value_loss         | 342       |
-------------------------------------
------------------------------------
| time/                 |          |
|    fps                | 91       |
|    iterations         | 33600    |
|    time_elapsed       | 1845     |
|    total_timesteps    | 168000   |
| train/                |          |
|    entropy_loss       | -119     |
|    explained_variance | 1.19e-07 |
|    learning_rate      | 0.0003   |
|    n_updates          | 33599    |
|    policy_loss        | 579      |
|    std                | 0.999    |
|    value_loss         | 34       |
------------------------------------
------------------------------------
| time/                 |          |
|    fps                | 91       |
|    iterations         | 33700    |
|    time_elapsed       | 1851     |
|    total_timesteps    | 168500   |
| train/                |          |
|    entropy_loss       | -119     |
|    explained_variance | -0.109   |
|    learning_rate      | 0.0003   |
|    n_updates          | 33699    |
|    policy_loss        | -119     |
|    std                | 0.999    |
|    value_loss         | 1.51     |
------------------------------------
------------------------------------
| time/                 |          |
|    fps                | 90       |
|    iterations         | 33800    |
|    time_elapsed       | 1858     |
|    total_timesteps    | 169000   |
| train/                |          |
|    entropy_loss       | -119     |
|    explained_variance | 0.0236   |
|    learning_rate      | 0.0003   |
|    n_updates          | 33799    |
|    policy_loss        | -243     |
|    std                | 0.999    |
|    value_loss         | 32.5     |
------------------------------------
------------------------------------
| time/                 |          |
|    fps                | 90       |
|    iterations         | 33900    |
|    time_elapsed       | 1864     |
|    total_timesteps    | 169500   |
| train/                |          |
|    entropy_loss       | -119     |
|    explained_variance | 0.174    |
|    learning_rate      | 0.0003   |
|    n_updates          | 33899    |
|    policy_loss        | -275     |
|    std                | 0.999    |
|    value_loss         | 5.3      |
------------------------------------
------------------------------------
| time/                 |          |
|    fps                | 90       |
|    iterations         | 34000    |
|    time_elapsed       | 1870     |
|    total_timesteps    | 170000   |
| train/                |          |
|    entropy_loss       | -119     |
|    explained_variance | 0        |
|    learning_rate      | 0.0003   |
|    n_updates          | 33999    |
|    policy_loss        | -570     |
|    std                | 0.999    |
|    value_loss         | 24.6     |
------------------------------------
-------------------------------------
| time/                 |           |
|    fps                | 90        |
|    iterations         | 34100     |
|    time_elapsed       | 1875      |
|    total_timesteps    | 170500    |
| train/                |           |
|    entropy_loss       | -119      |
|    explained_variance | -1.19e-07 |
|    learning_rate      | 0.0003    |
|    n_updates          | 34099     |
|    policy_loss        | 785       |
|    std                | 1         |
|    value_loss         | 64.8      |
-------------------------------------
------------------------------------
| time/                 |          |
|    fps                | 90       |
|    iterations         | 34200    |
|    time_elapsed       | 1882     |
|    total_timesteps    | 171000   |
| train/                |          |
|    entropy_loss       | -119     |
|    explained_variance | 5.96e-08 |
|    learning_rate      | 0.0003   |
|    n_updates          | 34199    |
|    policy_loss        | 1.89     |
|    std                | 1        |
|    value_loss         | 0.747    |
------------------------------------
------------------------------------
| time/                 |          |
|    fps                | 90       |
|    iterations         | 34300    |
|    time_elapsed       | 1887     |
|    total_timesteps    | 171500   |
| train/                |          |
|    entropy_loss       | -119     |
|    explained_variance | 0        |
|    learning_rate      | 0.0003   |
|    n_updates          | 34299    |
|    policy_loss        | 335      |
|    std                | 1        |
|    value_loss         | 9.93     |
------------------------------------
-------------------------------------
| time/                 |           |
|    fps                | 90        |
|    iterations         | 34400     |
|    time_elapsed       | 1896      |
|    total_timesteps    | 172000    |
| train/                |           |
|    entropy_loss       | -119      |
|    explained_variance | -1.19e-07 |
|    learning_rate      | 0.0003    |
|    n_updates          | 34399     |
|    policy_loss        | -1.04e+03 |
|    std                | 1         |
|    value_loss         | 136       |
-------------------------------------
------------------------------------
| time/                 |          |
|    fps                | 90       |
|    iterations         | 34500    |
|    time_elapsed       | 1901     |
|    total_timesteps    | 172500   |
| train/                |          |
|    entropy_loss       | -119     |
|    explained_variance | 0        |
|    learning_rate      | 0.0003   |
|    n_updates          | 34499    |
|    policy_loss        | 207      |
|    std                | 1        |
|    value_loss         | 3.79     |
------------------------------------
------------------------------------
| time/                 |          |
|    fps                | 90       |
|    iterations         | 34600    |
|    time_elapsed       | 1907     |
|    total_timesteps    | 173000   |
| train/                |          |
|    entropy_loss       | -119     |
|    explained_variance | 0        |
|    learning_rate      | 0.0003   |
|    n_updates          | 34599    |
|    policy_loss        | -337     |
|    std                | 1        |
|    value_loss         | 13.3     |
------------------------------------
------------------------------------
| time/                 |          |
|    fps                | 90       |
|    iterations         | 34700    |
|    time_elapsed       | 1912     |
|    total_timesteps    | 173500   |
| train/                |          |
|    entropy_loss       | -119     |
|    explained_variance | 0.0137   |
|    learning_rate      | 0.0003   |
|    n_updates          | 34699    |
|    policy_loss        | 1.35e+03 |
|    std                | 1        |
|    value_loss         | 151      |
------------------------------------
------------------------------------
| time/                 |          |
|    fps                | 90       |
|    iterations         | 34800    |
|    time_elapsed       | 1918     |
|    total_timesteps    | 174000   |
| train/                |          |
|    entropy_loss       | -119     |
|    explained_variance | 0        |
|    learning_rate      | 0.0003   |
|    n_updates          | 34799    |
|    policy_loss        | 382      |
|    std                | 1        |
|    value_loss         | 30.1     |
------------------------------------
------------------------------------
| time/                 |          |
|    fps                | 90       |
|    iterations         | 34900    |
|    time_elapsed       | 1924     |
|    total_timesteps    | 174500   |
| train/                |          |
|    entropy_loss       | -119     |
|    explained_variance | 0        |
|    learning_rate      | 0.0003   |
|    n_updates          | 34899    |
|    policy_loss        | 176      |
|    std                | 1        |
|    value_loss         | 2.6      |
------------------------------------
------------------------------------
| time/                 |          |
|    fps                | 90       |
|    iterations         | 35000    |
|    time_elapsed       | 1930     |
|    total_timesteps    | 175000   |
| train/                |          |
|    entropy_loss       | -119     |
|    explained_variance | 0        |
|    learning_rate      | 0.0003   |
|    n_updates          | 34999    |
|    policy_loss        | -2.64    |
|    std                | 1        |
|    value_loss         | 78.5     |
------------------------------------
------------------------------------
| time/                 |          |
|    fps                | 90       |
|    iterations         | 35100    |
|    time_elapsed       | 1935     |
|    total_timesteps    | 175500   |
| train/                |          |
|    entropy_loss       | -119     |
|    explained_variance | 0.00756  |
|    learning_rate      | 0.0003   |
|    n_updates          | 35099    |
|    policy_loss        | -96.2    |
|    std                | 1        |
|    value_loss         | 9.7      |
------------------------------------
------------------------------------
| time/                 |          |
|    fps                | 90       |
|    iterations         | 35200    |
|    time_elapsed       | 1942     |
|    total_timesteps    | 176000   |
| train/                |          |
|    entropy_loss       | -119     |
|    explained_variance | 0        |
|    learning_rate      | 0.0003   |
|    n_updates          | 35199    |
|    policy_loss        | -631     |
|    std                | 1        |
|    value_loss         | 27.8     |
------------------------------------
-------------------------------------
| time/                 |           |
|    fps                | 90        |
|    iterations         | 35300     |
|    time_elapsed       | 1948      |
|    total_timesteps    | 176500    |
| train/                |           |
|    entropy_loss       | -119      |
|    explained_variance | 5.96e-08  |
|    learning_rate      | 0.0003    |
|    n_updates          | 35299     |
|    policy_loss        | -1.08e+03 |
|    std                | 1         |
|    value_loss         | 99.7      |
-------------------------------------
------------------------------------
| time/                 |          |
|    fps                | 90       |
|    iterations         | 35400    |
|    time_elapsed       | 1955     |
|    total_timesteps    | 177000   |
| train/                |          |
|    entropy_loss       | -119     |
|    explained_variance | 0        |
|    learning_rate      | 0.0003   |
|    n_updates          | 35399    |
|    policy_loss        | 157      |
|    std                | 0.999    |
|    value_loss         | 3.85     |
------------------------------------
------------------------------------
| time/                 |          |
|    fps                | 90       |
|    iterations         | 35500    |
|    time_elapsed       | 1960     |
|    total_timesteps    | 177500   |
| train/                |          |
|    entropy_loss       | -119     |
|    explained_variance | 0        |
|    learning_rate      | 0.0003   |
|    n_updates          | 35499    |
|    policy_loss        | 98.6     |
|    std                | 0.999    |
|    value_loss         | 2.44     |
------------------------------------
------------------------------------
| time/                 |          |
|    fps                | 90       |
|    iterations         | 35600    |
|    time_elapsed       | 1966     |
|    total_timesteps    | 178000   |
| train/                |          |
|    entropy_loss       | -119     |
|    explained_variance | 5.96e-08 |
|    learning_rate      | 0.0003   |
|    n_updates          | 35599    |
|    policy_loss        | -26.8    |
|    std                | 0.999    |
|    value_loss         | 5.64     |
------------------------------------
------------------------------------
| time/                 |          |
|    fps                | 90       |
|    iterations         | 35700    |
|    time_elapsed       | 1971     |
|    total_timesteps    | 178500   |
| train/                |          |
|    entropy_loss       | -119     |
|    explained_variance | 0        |
|    learning_rate      | 0.0003   |
|    n_updates          | 35699    |
|    policy_loss        | -373     |
|    std                | 0.999    |
|    value_loss         | 11.4     |
------------------------------------
------------------------------------
| time/                 |          |
|    fps                | 90       |
|    iterations         | 35800    |
|    time_elapsed       | 1977     |
|    total_timesteps    | 179000   |
| train/                |          |
|    entropy_loss       | -119     |
|    explained_variance | 1.19e-07 |
|    learning_rate      | 0.0003   |
|    n_updates          | 35799    |
|    policy_loss        | 205      |
|    std                | 0.999    |
|    value_loss         | 6.64     |
------------------------------------
------------------------------------
| time/                 |          |
|    fps                | 90       |
|    iterations         | 35900    |
|    time_elapsed       | 1985     |
|    total_timesteps    | 179500   |
| train/                |          |
|    entropy_loss       | -119     |
|    explained_variance | 1.19e-07 |
|    learning_rate      | 0.0003   |
|    n_updates          | 35899    |
|    policy_loss        | -1.06    |
|    std                | 1        |
|    value_loss         | 31.1     |
------------------------------------
day: 1508, episode: 120
begin_total_asset: 1000000.00
end_total_asset: 3011512.18
total_reward: 2011512.18
total_cost: 12229.62
total_trades: 76414
Sharpe: 0.956
=================================
-------------------------------------
| time/                 |           |
|    fps                | 90        |
|    iterations         | 36000     |
|    time_elapsed       | 1991      |
|    total_timesteps    | 180000    |
| train/                |           |
|    entropy_loss       | -119      |
|    explained_variance | -1.19e-07 |
|    learning_rate      | 0.0003    |
|    n_updates          | 35999     |
|    policy_loss        | 3.54      |
|    std                | 0.999     |
|    value_loss         | 3.79      |
-------------------------------------
------------------------------------
| time/                 |          |
|    fps                | 90       |
|    iterations         | 36100    |
|    time_elapsed       | 1997     |
|    total_timesteps    | 180500   |
| train/                |          |
|    entropy_loss       | -119     |
|    explained_variance | 0.00356  |
|    learning_rate      | 0.0003   |
|    n_updates          | 36099    |
|    policy_loss        | 330      |
|    std                | 0.999    |
|    value_loss         | 8.67     |
------------------------------------
------------------------------------
| time/                 |          |
|    fps                | 90       |
|    iterations         | 36200    |
|    time_elapsed       | 2001     |
|    total_timesteps    | 181000   |
| train/                |          |
|    entropy_loss       | -119     |
|    explained_variance | 0.00228  |
|    learning_rate      | 0.0003   |
|    n_updates          | 36199    |
|    policy_loss        | 581      |
|    std                | 0.999    |
|    value_loss         | 37.3     |
------------------------------------
------------------------------------
| time/                 |          |
|    fps                | 90       |
|    iterations         | 36300    |
|    time_elapsed       | 2008     |
|    total_timesteps    | 181500   |
| train/                |          |
|    entropy_loss       | -119     |
|    explained_variance | 0        |
|    learning_rate      | 0.0003   |
|    n_updates          | 36299    |
|    policy_loss        | 264      |
|    std                | 0.999    |
|    value_loss         | 5.83     |
------------------------------------
------------------------------------
| time/                 |          |
|    fps                | 90       |
|    iterations         | 36400    |
|    time_elapsed       | 2012     |
|    total_timesteps    | 182000   |
| train/                |          |
|    entropy_loss       | -119     |
|    explained_variance | 0        |
|    learning_rate      | 0.0003   |
|    n_updates          | 36399    |
|    policy_loss        | -11.8    |
|    std                | 0.999    |
|    value_loss         | 2.61     |
------------------------------------
------------------------------------
| time/                 |          |
|    fps                | 90       |
|    iterations         | 36500    |
|    time_elapsed       | 2018     |
|    total_timesteps    | 182500   |
| train/                |          |
|    entropy_loss       | -119     |
|    explained_variance | 0        |
|    learning_rate      | 0.0003   |
|    n_updates          | 36499    |
|    policy_loss        | 94.7     |
|    std                | 0.999    |
|    value_loss         | 1.07     |
------------------------------------
------------------------------------
| time/                 |          |
|    fps                | 90       |
|    iterations         | 36600    |
|    time_elapsed       | 2025     |
|    total_timesteps    | 183000   |
| train/                |          |
|    entropy_loss       | -119     |
|    explained_variance | 0.0314   |
|    learning_rate      | 0.0003   |
|    n_updates          | 36599    |
|    policy_loss        | 328      |
|    std                | 0.999    |
|    value_loss         | 8.41     |
------------------------------------
------------------------------------
| time/                 |          |
|    fps                | 90       |
|    iterations         | 36700    |
|    time_elapsed       | 2030     |
|    total_timesteps    | 183500   |
| train/                |          |
|    entropy_loss       | -119     |
|    explained_variance | 0        |
|    learning_rate      | 0.0003   |
|    n_updates          | 36699    |
|    policy_loss        | 67.6     |
|    std                | 0.999    |
|    value_loss         | 2.52     |
------------------------------------
------------------------------------
| time/                 |          |
|    fps                | 90       |
|    iterations         | 36800    |
|    time_elapsed       | 2036     |
|    total_timesteps    | 184000   |
| train/                |          |
|    entropy_loss       | -119     |
|    explained_variance | 0        |
|    learning_rate      | 0.0003   |
|    n_updates          | 36799    |
|    policy_loss        | 423      |
|    std                | 0.998    |
|    value_loss         | 79.4     |
------------------------------------
------------------------------------
| time/                 |          |
|    fps                | 90       |
|    iterations         | 36900    |
|    time_elapsed       | 2043     |
|    total_timesteps    | 184500   |
| train/                |          |
|    entropy_loss       | -119     |
|    explained_variance | 5.96e-08 |
|    learning_rate      | 0.0003   |
|    n_updates          | 36899    |
|    policy_loss        | -111     |
|    std                | 0.998    |
|    value_loss         | 4.33     |
------------------------------------
------------------------------------
| time/                 |          |
|    fps                | 90       |
|    iterations         | 37000    |
|    time_elapsed       | 2048     |
|    total_timesteps    | 185000   |
| train/                |          |
|    entropy_loss       | -119     |
|    explained_variance | 0        |
|    learning_rate      | 0.0003   |
|    n_updates          | 36999    |
|    policy_loss        | 70       |
|    std                | 0.998    |
|    value_loss         | 1.56     |
------------------------------------
-------------------------------------
| time/                 |           |
|    fps                | 90        |
|    iterations         | 37100     |
|    time_elapsed       | 2055      |
|    total_timesteps    | 185500    |
| train/                |           |
|    entropy_loss       | -119      |
|    explained_variance | -1.19e-07 |
|    learning_rate      | 0.0003    |
|    n_updates          | 37099     |
|    policy_loss        | -207      |
|    std                | 0.998     |
|    value_loss         | 4.38      |
-------------------------------------
------------------------------------
| time/                 |          |
|    fps                | 90       |
|    iterations         | 37200    |
|    time_elapsed       | 2061     |
|    total_timesteps    | 186000   |
| train/                |          |
|    entropy_loss       | -119     |
|    explained_variance | 0.0369   |
|    learning_rate      | 0.0003   |
|    n_updates          | 37199    |
|    policy_loss        | -48.4    |
|    std                | 0.998    |
|    value_loss         | 3.99     |
------------------------------------
------------------------------------
| time/                 |          |
|    fps                | 90       |
|    iterations         | 37300    |
|    time_elapsed       | 2067     |
|    total_timesteps    | 186500   |
| train/                |          |
|    entropy_loss       | -119     |
|    explained_variance | 0.015    |
|    learning_rate      | 0.0003   |
|    n_updates          | 37299    |
|    policy_loss        | 323      |
|    std                | 0.998    |
|    value_loss         | 14.4     |
------------------------------------
------------------------------------
| time/                 |          |
|    fps                | 90       |
|    iterations         | 37400    |
|    time_elapsed       | 2074     |
|    total_timesteps    | 187000   |
| train/                |          |
|    entropy_loss       | -119     |
|    explained_variance | 0        |
|    learning_rate      | 0.0003   |
|    n_updates          | 37399    |
|    policy_loss        | 628      |
|    std                | 0.998    |
|    value_loss         | 31.5     |
------------------------------------
------------------------------------
| time/                 |          |
|    fps                | 90       |
|    iterations         | 37500    |
|    time_elapsed       | 2080     |
|    total_timesteps    | 187500   |
| train/                |          |
|    entropy_loss       | -119     |
|    explained_variance | 0        |
|    learning_rate      | 0.0003   |
|    n_updates          | 37499    |
|    policy_loss        | -338     |
|    std                | 0.998    |
|    value_loss         | 8.83     |
------------------------------------
------------------------------------
| time/                 |          |
|    fps                | 90       |
|    iterations         | 37600    |
|    time_elapsed       | 2087     |
|    total_timesteps    | 188000   |
| train/                |          |
|    entropy_loss       | -119     |
|    explained_variance | 0.0107   |
|    learning_rate      | 0.0003   |
|    n_updates          | 37599    |
|    policy_loss        | 16.8     |
|    std                | 0.998    |
|    value_loss         | 34.1     |
------------------------------------
-------------------------------------
| time/                 |           |
|    fps                | 89        |
|    iterations         | 37700     |
|    time_elapsed       | 2094      |
|    total_timesteps    | 188500    |
| train/                |           |
|    entropy_loss       | -119      |
|    explained_variance | -1.19e-07 |
|    learning_rate      | 0.0003    |
|    n_updates          | 37699     |
|    policy_loss        | -1.26e+03 |
|    std                | 0.999     |
|    value_loss         | 126       |
-------------------------------------
------------------------------------
| time/                 |          |
|    fps                | 90       |
|    iterations         | 37800    |
|    time_elapsed       | 2099     |
|    total_timesteps    | 189000   |
| train/                |          |
|    entropy_loss       | -119     |
|    explained_variance | 0        |
|    learning_rate      | 0.0003   |
|    n_updates          | 37799    |
|    policy_loss        | -19.3    |
|    std                | 0.999    |
|    value_loss         | 0.368    |
------------------------------------
------------------------------------
| time/                 |          |
|    fps                | 90       |
|    iterations         | 37900    |
|    time_elapsed       | 2104     |
|    total_timesteps    | 189500   |
| train/                |          |
|    entropy_loss       | -119     |
|    explained_variance | 0        |
|    learning_rate      | 0.0003   |
|    n_updates          | 37899    |
|    policy_loss        | -121     |
|    std                | 0.999    |
|    value_loss         | 3.13     |
------------------------------------
------------------------------------
| time/                 |          |
|    fps                | 90       |
|    iterations         | 38000    |
|    time_elapsed       | 2110     |
|    total_timesteps    | 190000   |
| train/                |          |
|    entropy_loss       | -119     |
|    explained_variance | 0.0065   |
|    learning_rate      | 0.0003   |
|    n_updates          | 37999    |
|    policy_loss        | 470      |
|    std                | 0.999    |
|    value_loss         | 20.6     |
------------------------------------
------------------------------------
| time/                 |          |
|    fps                | 89       |
|    iterations         | 38100    |
|    time_elapsed       | 2116     |
|    total_timesteps    | 190500   |
| train/                |          |
|    entropy_loss       | -119     |
|    explained_variance | 0.0139   |
|    learning_rate      | 0.0003   |
|    n_updates          | 38099    |
|    policy_loss        | 148      |
|    std                | 0.999    |
|    value_loss         | 2.82     |
------------------------------------
------------------------------------
| time/                 |          |
|    fps                | 90       |
|    iterations         | 38200    |
|    time_elapsed       | 2121     |
|    total_timesteps    | 191000   |
| train/                |          |
|    entropy_loss       | -119     |
|    explained_variance | 0        |
|    learning_rate      | 0.0003   |
|    n_updates          | 38199    |
|    policy_loss        | -10.9    |
|    std                | 0.999    |
|    value_loss         | 0.319    |
------------------------------------
------------------------------------
| time/                 |          |
|    fps                | 90       |
|    iterations         | 38300    |
|    time_elapsed       | 2127     |
|    total_timesteps    | 191500   |
| train/                |          |
|    entropy_loss       | -119     |
|    explained_variance | 0        |
|    learning_rate      | 0.0003   |
|    n_updates          | 38299    |
|    policy_loss        | 342      |
|    std                | 0.999    |
|    value_loss         | 10.3     |
------------------------------------
------------------------------------
| time/                 |          |
|    fps                | 90       |
|    iterations         | 38400    |
|    time_elapsed       | 2132     |
|    total_timesteps    | 192000   |
| train/                |          |
|    entropy_loss       | -119     |
|    explained_variance | 0.0297   |
|    learning_rate      | 0.0003   |
|    n_updates          | 38399    |
|    policy_loss        | 527      |
|    std                | 0.999    |
|    value_loss         | 24.1     |
------------------------------------
------------------------------------
| time/                 |          |
|    fps                | 90       |
|    iterations         | 38500    |
|    time_elapsed       | 2137     |
|    total_timesteps    | 192500   |
| train/                |          |
|    entropy_loss       | -119     |
|    explained_variance | 0        |
|    learning_rate      | 0.0003   |
|    n_updates          | 38499    |
|    policy_loss        | 293      |
|    std                | 0.999    |
|    value_loss         | 7.1      |
------------------------------------
------------------------------------
| time/                 |          |
|    fps                | 90       |
|    iterations         | 38600    |
|    time_elapsed       | 2143     |
|    total_timesteps    | 193000   |
| train/                |          |
|    entropy_loss       | -119     |
|    explained_variance | 0        |
|    learning_rate      | 0.0003   |
|    n_updates          | 38599    |
|    policy_loss        | -176     |
|    std                | 0.999    |
|    value_loss         | 6.25     |
------------------------------------
------------------------------------
| time/                 |          |
|    fps                | 90       |
|    iterations         | 38700    |
|    time_elapsed       | 2149     |
|    total_timesteps    | 193500   |
| train/                |          |
|    entropy_loss       | -119     |
|    explained_variance | 0        |
|    learning_rate      | 0.0003   |
|    n_updates          | 38699    |
|    policy_loss        | 101      |
|    std                | 0.998    |
|    value_loss         | 6.18     |
------------------------------------
------------------------------------
| time/                 |          |
|    fps                | 90       |
|    iterations         | 38800    |
|    time_elapsed       | 2154     |
|    total_timesteps    | 194000   |
| train/                |          |
|    entropy_loss       | -119     |
|    explained_variance | 5.13e-06 |
|    learning_rate      | 0.0003   |
|    n_updates          | 38799    |
|    policy_loss        | -191     |
|    std                | 0.998    |
|    value_loss         | 8.28     |
------------------------------------
------------------------------------
| time/                 |          |
|    fps                | 90       |
|    iterations         | 38900    |
|    time_elapsed       | 2158     |
|    total_timesteps    | 194500   |
| train/                |          |
|    entropy_loss       | -119     |
|    explained_variance | 0        |
|    learning_rate      | 0.0003   |
|    n_updates          | 38899    |
|    policy_loss        | 125      |
|    std                | 0.999    |
|    value_loss         | 2.35     |
------------------------------------
day: 1508, episode: 130
begin_total_asset: 1000000.00
end_total_asset: 3293437.66
total_reward: 2293437.66
total_cost: 8861.83
total_trades: 72758
Sharpe: 1.049
=================================
------------------------------------
| time/                 |          |
|    fps                | 90       |
|    iterations         | 39000    |
|    time_elapsed       | 2165     |
|    total_timesteps    | 195000   |
| train/                |          |
|    entropy_loss       | -119     |
|    explained_variance | 0.0357   |
|    learning_rate      | 0.0003   |
|    n_updates          | 38999    |
|    policy_loss        | 271      |
|    std                | 0.998    |
|    value_loss         | 12.3     |
------------------------------------
------------------------------------
| time/                 |          |
|    fps                | 90       |
|    iterations         | 39100    |
|    time_elapsed       | 2170     |
|    total_timesteps    | 195500   |
| train/                |          |
|    entropy_loss       | -119     |
|    explained_variance | 0.0704   |
|    learning_rate      | 0.0003   |
|    n_updates          | 39099    |
|    policy_loss        | -150     |
|    std                | 0.999    |
|    value_loss         | 2.16     |
------------------------------------
------------------------------------
| time/                 |          |
|    fps                | 90       |
|    iterations         | 39200    |
|    time_elapsed       | 2174     |
|    total_timesteps    | 196000   |
| train/                |          |
|    entropy_loss       | -119     |
|    explained_variance | 0        |
|    learning_rate      | 0.0003   |
|    n_updates          | 39199    |
|    policy_loss        | 11.8     |
|    std                | 0.999    |
|    value_loss         | 24.1     |
------------------------------------
------------------------------------
| time/                 |          |
|    fps                | 90       |
|    iterations         | 39300    |
|    time_elapsed       | 2179     |
|    total_timesteps    | 196500   |
| train/                |          |
|    entropy_loss       | -119     |
|    explained_variance | 0        |
|    learning_rate      | 0.0003   |
|    n_updates          | 39299    |
|    policy_loss        | 374      |
|    std                | 0.999    |
|    value_loss         | 14.4     |
------------------------------------
------------------------------------
| time/                 |          |
|    fps                | 90       |
|    iterations         | 39400    |
|    time_elapsed       | 2184     |
|    total_timesteps    | 197000   |
| train/                |          |
|    entropy_loss       | -119     |
|    explained_variance | 1.19e-07 |
|    learning_rate      | 0.0003   |
|    n_updates          | 39399    |
|    policy_loss        | 123      |
|    std                | 0.999    |
|    value_loss         | 5.11     |
------------------------------------
------------------------------------
| time/                 |          |
|    fps                | 90       |
|    iterations         | 39500    |
|    time_elapsed       | 2188     |
|    total_timesteps    | 197500   |
| train/                |          |
|    entropy_loss       | -119     |
|    explained_variance | 0        |
|    learning_rate      | 0.0003   |
|    n_updates          | 39499    |
|    policy_loss        | -278     |
|    std                | 0.999    |
|    value_loss         | 13.9     |
------------------------------------
-------------------------------------
| time/                 |           |
|    fps                | 90        |
|    iterations         | 39600     |
|    time_elapsed       | 2193      |
|    total_timesteps    | 198000    |
| train/                |           |
|    entropy_loss       | -119      |
|    explained_variance | 0         |
|    learning_rate      | 0.0003    |
|    n_updates          | 39599     |
|    policy_loss        | -1.14e+03 |
|    std                | 0.999     |
|    value_loss         | 100       |
-------------------------------------
-------------------------------------
| time/                 |           |
|    fps                | 90        |
|    iterations         | 39700     |
|    time_elapsed       | 2198      |
|    total_timesteps    | 198500    |
| train/                |           |
|    entropy_loss       | -119      |
|    explained_variance | -1.19e-07 |
|    learning_rate      | 0.0003    |
|    n_updates          | 39699     |
|    policy_loss        | 434       |
|    std                | 0.999     |
|    value_loss         | 15.2      |
-------------------------------------
------------------------------------
| time/                 |          |
|    fps                | 90       |
|    iterations         | 39800    |
|    time_elapsed       | 2202     |
|    total_timesteps    | 199000   |
| train/                |          |
|    entropy_loss       | -119     |
|    explained_variance | 0        |
|    learning_rate      | 0.0003   |
|    n_updates          | 39799    |
|    policy_loss        | -243     |
|    std                | 0.999    |
|    value_loss         | 31.9     |
------------------------------------
------------------------------------
| time/                 |          |
|    fps                | 90       |
|    iterations         | 39900    |
|    time_elapsed       | 2207     |
|    total_timesteps    | 199500   |
| train/                |          |
|    entropy_loss       | -119     |
|    explained_variance | 0        |
|    learning_rate      | 0.0003   |
|    n_updates          | 39899    |
|    policy_loss        | -819     |
|    std                | 0.999    |
|    value_loss         | 56.3     |
------------------------------------
-------------------------------------
| time/                 |           |
|    fps                | 90        |
|    iterations         | 40000     |
|    time_elapsed       | 2212      |
|    total_timesteps    | 200000    |
| train/                |           |
|    entropy_loss       | -119      |
|    explained_variance | -1.19e-07 |
|    learning_rate      | 0.0003    |
|    n_updates          | 39999     |
|    policy_loss        | -179      |
|    std                | 0.999     |
|    value_loss         | 3.65      |
-------------------------------------
Training finished and saved in trained_models/agent_a2c_deepseek_combined.pth
